child_batch_drama,child_canon,outcome,parent_canon,parent_pooled_drama,step
0.13081953726075995,f3ef70502af6658290f917ff7cd909f5af668883fa69b4dcffd030b1b98059a7,invalid_draw_majority,fb08e75c913f8d18327721d43021d1a457e50286cb1f0a95d6445cd4bd681dda,0.07785637805762215,1
0.11019715311169959,ae6a491e72ee8dfbbdc8eb6e9b02837a9f799ab3e3e02b3483f058ddb60a8b9b,lost_first_batch,0098938cc5d08b4ce0eb202ef309a7869ed2bc45c51ca76919997fcee15ee9e6,0.05570866478347995,2
0.07912234605338296,9def150dfd8361d20e12c5be7f27fc73bdbe51f2b251dc1bdef56230eb533861,filled_empty_cell,66a913b1987188f12b4a2337d271b06c4d76eefd8df6bc12d8755fb969c92c58,0.038498733752251046,3
0.20437605540101975,d651cf41d6707fc434634a7198c9b5728a02ae6d46d7b11e7e83ba2e07894776,replaced,48fbfc459483c3889a189120d25bd08a738c8baec225e5e1530faf0c82b38ec8,0.1892047088667893,4
0.08851350162579465,9c524c2bdf889eeb64ffa8897d832776c9dac5c9e1586adb492bb1e1244403fd,lost_first_batch,33b6da84ade99eda96a0e23d61eb06827cd43bbcba644b63da394d5f843d831e,0.15952433977720504,5
0.08676474085340215,fb674032c5b7efd41137a6c2933c1f32420fc1f5daa6165b963e99f0aae4b957,invalid_draw_majority,e487d0df8aa0e9d3c9411150e788cd67c5fa2ad11bc31559bd54cf3013fceb54,0.10243483744012752,6
,efae93c1071e5077d94d05a91db212458461c3b9c41fef5f940c76276661ef36,invalid_draw_majority,2fd7700d495d4d276cfa3322421ac40d1694b90a3323d398f9b5cde5181e062d,0.2558943574550544,7
0.0,beec0b3172486c8d556445111b6c057cdf11df666eae399ec6a67d2485440205,invalid_too_short,9def150dfd8361d20e12c5be7f27fc73bdbe51f2b251dc1bdef56230eb533861,0.07912234605338296,8
0.06523507722538292,944dfca7fb62b9932be77804ad604ea8a85b103dda884854b0c4b774d2fa27cb,invalid_draw_majority,9def150dfd8361d20e12c5be7f27fc73bdbe51f2b251dc1bdef56230eb533861,0.07912234605338296,9
0.059459076767682285,5548a430c9822158e6691500e35dd8ddc75d6406f91c7255f9af1ab94d6ef9c2,replaced,66a913b1987188f12b4a2337d271b06c4d76eefd8df6bc12d8755fb969c92c58,0.038498733752251046,10
0.14156502089865083,79bb3ec0a0aa43e3e9266c704736ebf786eb29defa33a6e3efb4581929d16899,invalid_draw_majority,88d50e685c12772a1621a0b5a86ecb8f10bb9b0061fe8003141b5203d1f76537,0.05406224343343429,11
0.14261238929493092,cb1b7b848c1f4bdcc2de9b3f42782fafa31252f04d18f4b44d75b4635dae7929,replaced,5548a430c9822158e6691500e35dd8ddc75d6406f91c7255f9af1ab94d6ef9c2,0.05021763020490334,12
0.18221086502302886,6c92e25181c94b9a48b2e4f48a657fb6f80f12ea251e28dabbab0d6fb5375666,replaced,f899e6ba7482cffeaec71dc732e4cf92199510574f740063b6cd36c3f97f973d,0.1764128148678907,13
0.11200860057939505,c3b1043f7b95ab6016d36a4d3a0bece8329eaa099913a89b016693d39218048c,replaced,c82c7afea706fcfb019e4318a06b88961efb3d4ec34322afad51d4850a5a1cf5,0.07050781921922718,14
0.0956421246763252,3b61bef65a7a1dda82c94106b4577552802d6f2d8509ceb9095dc1c461f33403,invalid_draw_majority,e487d0df8aa0e9d3c9411150e788cd67c5fa2ad11bc31559bd54cf3013fceb54,0.10243483744012752,15
,7b0d251803919e2bfd0a5ab11af3c890bb7625c89c4a72f55c24f4c8ac1e08e2,invalid_draw_majority,0098938cc5d08b4ce0eb202ef309a7869ed2bc45c51ca76919997fcee15ee9e6,0.05570866478347995,16
0.0,df99834bc1416c7c6264e917be848d5485e779a2b6af514ce12754f68485cfb6,invalid_too_short,d651cf41d6707fc434634a7198c9b5728a02ae6d46d7b11e7e83ba2e07894776,0.1966403641646905,17
0.09371379706542583,1e8b297a63bb2ce7d41b157e1ca385e9e3b27a166eb24c0d11a439c7e8bcf5be,lost_after_matching,2fd7700d495d4d276cfa3322421ac40d1694b90a3323d398f9b5cde5181e062d,0.2558943574550544,18
0.31715217334790347,636a263a05a4fff8c669f398fdb43d30df12acc46be22cc5f026d184066cc03f,replaced,0a06b1bc05bcbbd932a1f0d76d79e5c8af7fb7b170c73ed68d180fcce961579a,0.09768784795718774,19
0.014160075170206387,2dee552be20a2cf1e656edac059f43d4dd9e1e91e80ae2a8eac2e2b2f16f7226,lost_first_batch,88d50e685c12772a1621a0b5a86ecb8f10bb9b0061fe8003141b5203d1f76537,0.05406224343343429,20
0.11142115754875312,050d7cefc183c9e9342c1c562ccc6bfc0f5b07e913d98fc66392cc006dd73cea,invalid_draw_majority,5f1eb63a43c24285377e32ee7c5af3367fd905c76d6ba3227211ad4d44efcfe7,0.21382815238862976,21
,d07da936695543c7cffcac3754bc993e15eaa2b8674be849ae79bd99ca3565be,invalid_draw_majority,0098938cc5d08b4ce0eb202ef309a7869ed2bc45c51ca76919997fcee15ee9e6,0.05570866478347995,22
0.11650148164556877,728a23e709b28efd81e422bd6629bd37b2e9c31441264be797ebe4a1e7f2c614,replaced,33b6da84ade99eda96a0e23d61eb06827cd43bbcba644b63da394d5f843d831e,0.15952433977720504,23
0.19502957418088157,8a7f6726e82ecdc056cdacec7edbc2267ccf21c36afdd6a4d8bf2944551bb167,invalid_draw_majority,5548a430c9822158e6691500e35dd8ddc75d6406f91c7255f9af1ab94d6ef9c2,0.05021763020490334,24
0.06115250824644148,dc0b66dc277093d05da635157fdd4ee1e2c1f5fb010820c14826c00a261e66fd,lost_first_batch,e5efc47316dc0d81e43e3ae864def1712afaede4e01c55d96617cccf65852347,0.0990170410040314,25
0.10764136722604543,06c73b056f4de3a169b7af18e46e506d86dd3b179d0c3a2751823ffba485a77e,replaced,c3b1043f7b95ab6016d36a4d3a0bece8329eaa099913a89b016693d39218048c,0.1029786116951519,26
0.07900730811585492,30961c3bc9d9e9e035d29fbf183b4c45485d1c930be6d70382602975f1760e5f,replaced,06c73b056f4de3a169b7af18e46e506d86dd3b179d0c3a2751823ffba485a77e,0.10424010085641341,27
0.0,26803737e763a8d99ac2e57070e3e4e230dcb19da35dbc16e7392c24da9e8994,invalid_too_short,636a263a05a4fff8c669f398fdb43d30df12acc46be22cc5f026d184066cc03f,0.32673194821641244,28
,3afc4892eca7970ac9ace2dfa1b17557e6cded37c7822712af69a9a9baf80f0e,invalid_draw_majority,768c4aedcba29e6de823e34f5ec10720c3d0fe97af605ea5d7aeb526b78ee51e,0.14482712537131348,29
0.17296759187525035,fb7338c8b6c4f30cb86052760e993a92d6bb23cc7c80af921303637d11b5ff33,invalid_draw_majority,370342150266ff90a0178bc37e80fb2dabb4a0977d6a002019e44a9a28cebb5b,0.1861729280873849,30
0.12612809379738213,5cb17b89665e31ecedbbe9c49e4f79fa303ac03ea93cb3bad7feb1a53d542042,replaced,9aac2424211a421a3a7db9780cf69abf40c564912ffbdb6015fe140aba0c6b9b,0.12328076246039335,31
0.13212811398646224,14f75b0efa69012ba37572d77d844a14ffd2ddc778363e72abac29786d1d6712,lost_after_matching,5cb17b89665e31ecedbbe9c49e4f79fa303ac03ea93cb3bad7feb1a53d542042,0.125881427082477,32
0.07628687113820366,05afacd980f62d9fd3c96d29bc7a300e8eb4d75670a510e6210e4d06373d0445,lost_first_batch,2fd7700d495d4d276cfa3322421ac40d1694b90a3323d398f9b5cde5181e062d,0.2558943574550544,33
0.08926182386466162,69ee3af3dacf6899d24314ee506f85f48c8eaaa52f856aef4b743786335de7d0,lost_first_batch,30961c3bc9d9e9e035d29fbf183b4c45485d1c930be6d70382602975f1760e5f,0.06950247095765164,34
0.06698242091858496,dc6f1805e10ac68c4b254924ea66ae7d0915ddd170c34d7e40d6784bed0f13f0,lost_first_batch,06c73b056f4de3a169b7af18e46e506d86dd3b179d0c3a2751823ffba485a77e,0.10424010085641341,35
0.07454919849200048,01bd36a41e997e73a532be762da303f4e84c2bd073236ed3239473c7c88d7484,lost_first_batch,30961c3bc9d9e9e035d29fbf183b4c45485d1c930be6d70382602975f1760e5f,0.06950247095765164,36
0.11271647230172888,f2dd924f80170e2565ac5746ab0f0363ad3cf5da5492e6996b5e41cd7f93eb31,lost_first_batch,768c4aedcba29e6de823e34f5ec10720c3d0fe97af605ea5d7aeb526b78ee51e,0.14482712537131348,37
0.10193507940583352,cedcbafe4455610be95e3b4fe4144c05c855f7d551a1824f64d5841fb255e2b6,invalid_draw_majority,636a263a05a4fff8c669f398fdb43d30df12acc46be22cc5f026d184066cc03f,0.32673194821641244,38
0.04831049311008196,ae7b98dd9a319b8f6012e1275b6a764740b661eeb35f4b4fb7c6f133aa7e2de5,lost_first_batch,88d50e685c12772a1621a0b5a86ecb8f10bb9b0061fe8003141b5203d1f76537,0.05406224343343429,39
0.10848221975082264,f6759eb14ae2f793087c98b1927a22380bbd9ea58bda31bd374a227ccaaff543,lost_first_batch,768c4aedcba29e6de823e34f5ec10720c3d0fe97af605ea5d7aeb526b78ee51e,0.14482712537131348,40
0.20996612897311873,9b8e821a619735dc96f63ffa03f45ac8ce309a9e7ad3f605079eb932a86182d2,replaced,5cb17b89665e31ecedbbe9c49e4f79fa303ac03ea93cb3bad7feb1a53d542042,0.125881427082477,41
0.21689507857338122,7fe4b4b7fed89d6c90d12d81426aa630c4408fe945c9fe7e2a3a220a5ba07a8b,lost_first_batch,2fd7700d495d4d276cfa3322421ac40d1694b90a3323d398f9b5cde5181e062d,0.2558943574550544,42
0.03908323344826637,1ff66e2f7212feabf4bddfcc887dfe1832c0444cd6c1a7323c46072187f3c92d,lost_first_batch,9def150dfd8361d20e12c5be7f27fc73bdbe51f2b251dc1bdef56230eb533861,0.07912234605338296,43
0.05864478093183224,2750ee5380d6a82fe37aeeff1e4895e4213bbb3d10959f790459c0bd62d630b1,lost_first_batch,0b534f3270e3f342fb7eff7d7f5fbb56b45a552f7f3e42b03adde11a8889af42,0.06892914212844381,44
0.2825319244859489,b6f8e28842e9e38f9250b5f6f6ab45bb8ed8d0b77a88a7f30ea35310c5f12fa0,invalid_draw_majority,9b8e821a619735dc96f63ffa03f45ac8ce309a9e7ad3f605079eb932a86182d2,0.2226419819511111,45
0.1351486260722004,cb7db0da9cbee3057def146c387f0dd501221dbba7caa87753133517ecaa668d,replaced,728a23e709b28efd81e422bd6629bd37b2e9c31441264be797ebe4a1e7f2c614,0.12193946669158219,46
0.09398703783046308,eb903fe52615e83da104b105e2de9577d55579f7b29aabe981d8e8afc5d12c51,lost_first_batch,0b534f3270e3f342fb7eff7d7f5fbb56b45a552f7f3e42b03adde11a8889af42,0.06892914212844381,47
0.08388055892798109,060b970f36c99c34b1fae4eeaa3be444a8ebcc9483f19e91427637c223be8da8,lost_first_batch,da1229eed128831df7a2b43ecc22b9c0f6fba3e42e5e4ee7ef7ae78f285f12d9,0.08843948062452976,48
0.0,e739f810d2a48aad5ffd1f19bb9955dffdf6820e3897dd93357da4d23a080498,invalid_too_short,595f37a6f749d14c010342c4f39d79dd6113179ff782656b457389b86c29131e,0.2586094124045907,49
0.0,0deb76ea996f2a3296c7d593eaefe964bb231abecf0b8b4f7063f1269eb4e9d3,invalid_too_short,768c4aedcba29e6de823e34f5ec10720c3d0fe97af605ea5d7aeb526b78ee51e,0.14482712537131348,50
,e4fc924c6d746e22719c05ce3853288c28b488ebbd51f061b5df922874125180,invalid_draw_majority,0b534f3270e3f342fb7eff7d7f5fbb56b45a552f7f3e42b03adde11a8889af42,0.06892914212844381,51
0.09145602166530437,64449d860518b1d5c31830319102a4638b93d23b6d2367be4dea1afcd60b6a60,lost_first_batch,06c73b056f4de3a169b7af18e46e506d86dd3b179d0c3a2751823ffba485a77e,0.10424010085641341,52
0.20519875337842863,76051e72db0f4dd60e98e3300361cabb6ea2db4fae172d41a4f068fba12058b0,filled_empty_cell,2fd7700d495d4d276cfa3322421ac40d1694b90a3323d398f9b5cde5181e062d,0.2558943574550544,53
0.2041978143563228,0e384f4ee8695f6825f1883fe1cfda2a123058ecbefd26f4225b5019ad2f3f7b,lost_first_batch,c3e33c36af6482b572a8b496fb7cfef14aa7e539c3e4347ad157d55f380c8ad7,0.2183862383579712,54
0.08506667016808894,39d5131c2e907feac65290fc0dc8be6f2fc6c5527fc16e101e697c7f1a4e3b48,lost_first_batch,0a06b1bc05bcbbd932a1f0d76d79e5c8af7fb7b170c73ed68d180fcce961579a,0.09768784795718774,55
0.0,84ca3d628f3b55d1f1c52675dd68dadbd146bc58d4f7d8a1054f5d73ca97bb71,invalid_too_short,88d50e685c12772a1621a0b5a86ecb8f10bb9b0061fe8003141b5203d1f76537,0.05406224343343429,56
0.15391429042322044,b679b807a7eb32c5194ee242ed8b1814919ea90755c943965da4a45751a6923d,filled_empty_cell,d651cf41d6707fc434634a7198c9b5728a02ae6d46d7b11e7e83ba2e07894776,0.1966403641646905,57
0.1373792652260094,7118fcf84c797d72a95706cca714428629bb7866635a71fbd378ddfa632dbe9f,filled_empty_cell,d651cf41d6707fc434634a7198c9b5728a02ae6d46d7b11e7e83ba2e07894776,0.1966403641646905,58
0.08036241016774522,da11208572e65ec7245ba656717a7e128c14366ac2e9585a27587fd2bbee1956,invalid_draw_majority,88d50e685c12772a1621a0b5a86ecb8f10bb9b0061fe8003141b5203d1f76537,0.05406224343343429,59
0.0955783006793162,22195ef0af3f825f67d5875da403429dea35a674ea3ac2763953148dede3d2a1,filled_empty_cell,06c73b056f4de3a169b7af18e46e506d86dd3b179d0c3a2751823ffba485a77e,0.10424010085641341,60
0.2285914460856673,eb0f373b8de63ce859b4df72d49a26c9ed30e83a05466204d156190a2acf4543,lost_first_batch,30961c3bc9d9e9e035d29fbf183b4c45485d1c930be6d70382602975f1760e5f,0.06950247095765164,61
0.1860160565269636,a19e59aea7985ffef6a13b381b7667050a84dc0ee35c821c737ac1e272313181,lost_first_batch,595f37a6f749d14c010342c4f39d79dd6113179ff782656b457389b86c29131e,0.2586094124045907,62
0.09635989463466288,8e70f9296f1592f01905cebd8397692c0fb3f08db61b7d1bf2438b9180bb8ff8,lost_first_batch,636a263a05a4fff8c669f398fdb43d30df12acc46be22cc5f026d184066cc03f,0.32673194821641244,63
0.21147451615280516,358afc3ee5e12d07fa1a2fe34ea131f093bbde76a3314e42100325f97df0c0b8,lost_first_batch,5f1eb63a43c24285377e32ee7c5af3367fd905c76d6ba3227211ad4d44efcfe7,0.21382815238862976,64
0.06854822127543982,8b1249793fe11a10ee5ee68d0d5e698d8128b878307a375c9b5a2621513a633c,lost_first_batch,da1229eed128831df7a2b43ecc22b9c0f6fba3e42e5e4ee7ef7ae78f285f12d9,0.08843948062452976,65
0.07589840183535815,2dd7d809134b361a19af07615aae0d0922a7d397a14dcf1d38f9b8160c208819,lost_first_batch,22195ef0af3f825f67d5875da403429dea35a674ea3ac2763953148dede3d2a1,0.0955783006793162,66
0.10976591710417702,bdde6fcf59a82e4cdaa36ac7f4ab2ea18a2922c99cb136cfe90a81f986d94b55,lost_first_batch,06c73b056f4de3a169b7af18e46e506d86dd3b179d0c3a2751823ffba485a77e,0.10424010085641341,67
0.10731942983490607,35a7bce1630e6f12b0945199b2bb5cbb29898222c3d18efa278829a76802e4d5,replaced,06c73b056f4de3a169b7af18e46e506d86dd3b179d0c3a2751823ffba485a77e,0.10424010085641341,68
0.06101099802021978,91139134e87b1938e21f50af6779240781cbc5ef222a42f8d418d12e4b8535c2,lost_first_batch,636a263a05a4fff8c669f398fdb43d30df12acc46be22cc5f026d184066cc03f,0.32673194821641244,69
0.10738595716585027,b52492c6b7c619935effd18d65290a705107df5c58d04bb38c55a442c7393a68,lost_first_batch,35a7bce1630e6f12b0945199b2bb5cbb29898222c3d18efa278829a76802e4d5,0.1121078032647365,70
0.1346341412541437,0e6baeebc06c8b2ec1aa6f3e4f42b1f9f35e90fb2f6a220b76346f4daa5f4109,replaced,cb7db0da9cbee3057def146c387f0dd501221dbba7caa87753133517ecaa668d,0.13124392890854975,71
0.12595173843188473,f96849405cdea21433766a3499d44774bd53f3707749f1233aee5aab8f21b75c,invalid_draw_majority,0b534f3270e3f342fb7eff7d7f5fbb56b45a552f7f3e42b03adde11a8889af42,0.06892914212844381,72
,a094c9d0d47b617053a03bfab5ef87a70ada107bb019361ec0b4d8898c471584,invalid_draw_majority,5548a430c9822158e6691500e35dd8ddc75d6406f91c7255f9af1ab94d6ef9c2,0.05021763020490334,73
0.22298090825381514,138bab72296f519a750b258ed57d5bc375854a026d074f13374a49ce18b7304d,lost_after_matching,5f1eb63a43c24285377e32ee7c5af3367fd905c76d6ba3227211ad4d44efcfe7,0.21382815238862976,74
0.12520771593857866,781059aa412baaf87f591eb01bd2181ebb6d959d3ab9a383d6c2bbfa527a1ff8,replaced,da1229eed128831df7a2b43ecc22b9c0f6fba3e42e5e4ee7ef7ae78f285f12d9,0.08843948062452976,75
0.2758599569709834,c1c8c8f17a254ae686d66bfe66c3b1ecd6dac7e705a323cf3acc3dc06b100770,replaced,d651cf41d6707fc434634a7198c9b5728a02ae6d46d7b11e7e83ba2e07894776,0.1966403641646905,76
0.17910376905085557,0e49d6ee9faab0fe208622774cba71f254ceae261a115dbb920a1ed6fc7004e8,replaced,7118fcf84c797d72a95706cca714428629bb7866635a71fbd378ddfa632dbe9f,0.1373792652260094,77
,3d6ea74ca0385be203decea6acfcea8e5751f39158d4cab1dda50436accf47c9,invalid_draw_majority,e487d0df8aa0e9d3c9411150e788cd67c5fa2ad11bc31559bd54cf3013fceb54,0.10243483744012752,78
0.045716084586732944,8e79d1ad3117f0a7acee3dd6b02f8f9b3371071a9fca0e89622da73af01082c0,filled_empty_cell,636a263a05a4fff8c669f398fdb43d30df12acc46be22cc5f026d184066cc03f,0.32673194821641244,79
0.06190504422499048,1241893685463b719cdbb844f432f3dbdf6bbaf627d0d9ef5dab2b4e80e13a55,lost_first_batch,9def150dfd8361d20e12c5be7f27fc73bdbe51f2b251dc1bdef56230eb533861,0.07912234605338296,80
0.17604235743142505,e3b8dfdb3ebc7057595e0b363ef1f9723fbe4acf2d815b27bc1e631225f48f10,replaced,728a23e709b28efd81e422bd6629bd37b2e9c31441264be797ebe4a1e7f2c614,0.12193946669158219,81
0.15343731082317635,9c455ec3f01e23cb5832b8cfd0983e4bdd7c08891d15ec69fd62eba7bf1cb034,filled_empty_cell,e3b8dfdb3ebc7057595e0b363ef1f9723fbe4acf2d815b27bc1e631225f48f10,0.1349773254432491,82
0.09927555306372257,8d22950ae8a7d83ae5d90a6f231e6b49471070159abbd1a2bf78211fb2d46bb4,lost_after_matching,76051e72db0f4dd60e98e3300361cabb6ea2db4fae172d41a4f068fba12058b0,0.20519875337842863,83
0.0631745422526728,b9cdffab5e7ddb685b256e5159f0e94cdf9342cc48ae65c627f746050dab8a03,lost_first_batch,768c4aedcba29e6de823e34f5ec10720c3d0fe97af605ea5d7aeb526b78ee51e,0.14482712537131348,84
0.19366138381849804,a10f6e1da36458bbea5da68759cd26ed94fd8d5023294740d8289664f9cdc5bc,replaced,0e49d6ee9faab0fe208622774cba71f254ceae261a115dbb920a1ed6fc7004e8,0.17910376905085557,85
0.05512994069099225,e044b10d7d458312e48cdbb01c812b84c67116ed8d33c6db74fbc1d4ca2a0412,lost_first_batch,0b534f3270e3f342fb7eff7d7f5fbb56b45a552f7f3e42b03adde11a8889af42,0.06892914212844381,86
0.0946925458553437,29c4522d3095f37e9b98419c0afe15e37836ad0774fe76b13d796cc24e9a2a65,lost_first_batch,33b6da84ade99eda96a0e23d61eb06827cd43bbcba644b63da394d5f843d831e,0.15952433977720504,87
0.04350587600532163,6de7f1fffc8cd1cf46df358cca1f2982897bb02ede076932f091e8ea0bb3b140,lost_first_batch,88d50e685c12772a1621a0b5a86ecb8f10bb9b0061fe8003141b5203d1f76537,0.05406224343343429,88
0.0,bc294431bd62ea08eaefb9df3115ed4b8e9901412c2c9945efd925d384aadb8f,invalid_too_short,0a06b1bc05bcbbd932a1f0d76d79e5c8af7fb7b170c73ed68d180fcce961579a,0.09768784795718774,89
,54b1087713491016bae5ae429e919df9e888c26c7e020a2c42efc7c9267f575d,invalid_draw_majority,22195ef0af3f825f67d5875da403429dea35a674ea3ac2763953148dede3d2a1,0.0955783006793162,90
0.19183898046715306,15b2c92b0d4e6dda51027ef5d4713f9abe95b9c3e844878f0efc5dff75610557,lost_first_batch,595f37a6f749d14c010342c4f39d79dd6113179ff782656b457389b86c29131e,0.2586094124045907,91
0.224721906133505,bb90e1afde18a2c90b0a0222fea7ec6f003d2a7976b38546571444a5ef0e523b,filled_empty_cell,5f1eb63a43c24285377e32ee7c5af3367fd905c76d6ba3227211ad4d44efcfe7,0.21382815238862976,92
,6580b1b8bef5aafd545410a526fce37d1bcf7e19184301c28e7a39bfaef471d9,invalid_draw_majority,16eeb5a35b9b4da395975a4ca30d256b4c86a30e723511cdd1b1b7f15d20b805,0.03263380905850017,93
0.22253607654121796,f90490a7ea2b40b82fbaeef15ab7e162d5f397df4a7195b95f27818ca44518d9,replaced,2fd7700d495d4d276cfa3322421ac40d1694b90a3323d398f9b5cde5181e062d,0.2558943574550544,94
0.05569887723288307,79e245bea21b08f617053da312a117c4bd9616d158184cf2deaba1e8b553b56d,lost_first_batch,e5efc47316dc0d81e43e3ae864def1712afaede4e01c55d96617cccf65852347,0.0990170410040314,95
0.0,580d791deeaa5278ace85430a644c7f174ed9fda3c8619076ccefce1c9ca6559,invalid_too_short,f90490a7ea2b40b82fbaeef15ab7e162d5f397df4a7195b95f27818ca44518d9,0.22253607654121796,96
0.07317258166766855,5bce30819fffff4e14dd339a4108b46dc2cf4d564301b40fb1642667199be755,lost_first_batch,88d50e685c12772a1621a0b5a86ecb8f10bb9b0061fe8003141b5203d1f76537,0.05406224343343429,97
0.2339023435404349,0da528e3a577ef4653c03a7671be3e2d16bf8a3eeab4fe29b373a846d3a6f0bb,replaced,2fd7700d495d4d276cfa3322421ac40d1694b90a3323d398f9b5cde5181e062d,0.2558943574550544,98
0.24701007439229042,2d79da82f2cd335bb5a87c464232c4d9c60d7524ba177e252bde7fb3b7c48452,invalid_draw_majority,9b8e821a619735dc96f63ffa03f45ac8ce309a9e7ad3f605079eb932a86182d2,0.2226419819511111,99
0.18300463061643474,5ed8de458d0c94d590a3f1cc776260af64a8ed03e9b476ee2d2923c2e92cec86,lost_first_batch,f90490a7ea2b40b82fbaeef15ab7e162d5f397df4a7195b95f27818ca44518d9,0.22253607654121796,100
0.22472127773845527,c97768c27a6bb02f57e8c0acda6b397b720757bb3e510f358cdc1072f9742135,lost_first_batch,a10f6e1da36458bbea5da68759cd26ed94fd8d5023294740d8289664f9cdc5bc,0.18019993025434256,101
0.13608503322288507,a93f636ec18502b56a97c0f5b7888c8b89551fcbaf001cc9ce4d19d492b1dad9,replaced,e3b8dfdb3ebc7057595e0b363ef1f9723fbe4acf2d815b27bc1e631225f48f10,0.1283906497258947,102
0.1574783763978349,bc3a68a1e7008e0004a4fd2d7e6936c7fb3bb82cf2680be435be905998cdb710,replaced,0da528e3a577ef4653c03a7671be3e2d16bf8a3eeab4fe29b373a846d3a6f0bb,0.2365219154704968,103
0.00841742984098683,98573b3697054379121bfad86860ac735d05319c233e7be7b38d5263df1b6729,invalid_draw_majority,5548a430c9822158e6691500e35dd8ddc75d6406f91c7255f9af1ab94d6ef9c2,0.04445370306979596,104
0.24019322496312764,6117dc8406d130bdc97a2d5571e1016209bdfd9ad93af1fa206afed13a6a9c9a,replaced,9b8e821a619735dc96f63ffa03f45ac8ce309a9e7ad3f605079eb932a86182d2,0.22682794867445655,105
0.16702870371288406,3d60f078df83bfa6722e55b677c2ea1a061109c3a79d3f6d1ceedd6e2f7910bf,lost_first_batch,595f37a6f749d14c010342c4f39d79dd6113179ff782656b457389b86c29131e,0.22806036403376434,106
0.0,81e508eac71695227999711bb21f76adff1ce3a00ff31a1890286c160ad12841,invalid_too_short,636a263a05a4fff8c669f398fdb43d30df12acc46be22cc5f026d184066cc03f,0.3143683339419902,107
0.03874938341817109,6ef046520d762b9398b7c67cb7fec6fcbbc2db880811f4aab6121b0552a8fda2,filled_empty_cell,88d50e685c12772a1621a0b5a86ecb8f10bb9b0061fe8003141b5203d1f76537,0.04965263884215494,108
0.07502132533383507,e047dc1f9c9c17471c215d97320a308f0fbf99c552e5faaf4c94fb85adb5f92e,lost_first_batch,22195ef0af3f825f67d5875da403429dea35a674ea3ac2763953148dede3d2a1,0.10127769116221214,109
0.16893707411857148,4713d61db5a795edc9e2dff8248db2b8ba3ff78feaa01d1f64425e442e671c84,lost_first_batch,b679b807a7eb32c5194ee242ed8b1814919ea90755c943965da4a45751a6923d,0.1448682157805655,110
0.11815667016901303,5b0beb1c2f0b2f9e208982725660881be200dce044ef28e6e395b91125979398,lost_first_batch,781059aa412baaf87f591eb01bd2181ebb6d959d3ab9a383d6c2bbfa527a1ff8,0.09060240894705399,111
,6d124b4edbaa21019ac364db8dc0035b4c92c143840fdc8dd6fca7d55286ead5,invalid_draw_majority,a10f6e1da36458bbea5da68759cd26ed94fd8d5023294740d8289664f9cdc5bc,0.18019993025434256,112
0.09648305526317244,89b3e1776ff7a97cb2a19b40e3c3418c635e8d055d72a4ebe97c9d13d8a796a3,lost_first_batch,a93f636ec18502b56a97c0f5b7888c8b89551fcbaf001cc9ce4d19d492b1dad9,0.13941512567450337,113
0.09253185216611612,beb861b6ef74d1ce81a61238948e154da6ccdaac32a708c22e169443e3af91c2,lost_first_batch,636a263a05a4fff8c669f398fdb43d30df12acc46be22cc5f026d184066cc03f,0.3143683339419902,114
0.0,85b86790852ac77bd71cef839d2861d79af2ce1661c3bb11614c3ec8a66ab1d4,invalid_too_short,33b6da84ade99eda96a0e23d61eb06827cd43bbcba644b63da394d5f843d831e,0.15897096577887224,115
0.19969359381791588,826ed7142a614166f1957b6a6def237996f4143a3c780f59d591771d4bc6b51a,replaced,e487d0df8aa0e9d3c9411150e788cd67c5fa2ad11bc31559bd54cf3013fceb54,0.08287162921179643,116
0.2434613461395123,fb21d9130f3bf8c9d21e296f85285d99a813ad9ae6aeca5eb0562af1132b812c,replaced,9c455ec3f01e23cb5832b8cfd0983e4bdd7c08891d15ec69fd62eba7bf1cb034,0.17651928669736167,117
0.11191213436678239,0ea3c42b27979cf55a867cf464de91c8e27f06ceb9e02605eb90689b2295b9b6,filled_empty_cell,826ed7142a614166f1957b6a6def237996f4143a3c780f59d591771d4bc6b51a,0.1656014300732181,118
0.04669479386110064,2895417165dfc750b44f4aefd7574ef73b99504fce4d9b3f6e9494d58e6de8a2,replaced,5548a430c9822158e6691500e35dd8ddc75d6406f91c7255f9af1ab94d6ef9c2,0.04445370306979596,119
0.18342549455734586,6b593a39435bdab759011780d740d384b5cb7b10f7f44d984fd51b0299515287,lost_after_matching,826ed7142a614166f1957b6a6def237996f4143a3c780f59d591771d4bc6b51a,0.1656014300732181,120
0.1586490999077569,7b9bf6bd930c353d2095954f3429e05bed326dac8729f710f080ba96e57b4cd4,lost_first_batch,fb21d9130f3bf8c9d21e296f85285d99a813ad9ae6aeca5eb0562af1132b812c,0.19152277495705444,121
0.19320054758698493,497ee3a96aac1d4052dcd2865848306a656738b147f9fc4ab5cb0e4b679f7474,replaced,22195ef0af3f825f67d5875da403429dea35a674ea3ac2763953148dede3d2a1,0.10127769116221214,122
0.21898193945941363,3aaa195bf95b9c5451118561c5cfee31cb467cc921af112f288be7a7f30e53fc,invalid_draw_majority,bc3a68a1e7008e0004a4fd2d7e6936c7fb3bb82cf2680be435be905998cdb710,0.13040010658130924,123
0.061192635522227506,67ff3e8e5f90edcc0a7c6dd9242fccc82fd61b8c8f9f507c1a01ce2777758f7a,lost_first_batch,781059aa412baaf87f591eb01bd2181ebb6d959d3ab9a383d6c2bbfa527a1ff8,0.09060240894705399,124
0.08679072199648104,bd2c7510d0bcf633d51385ce7fefd5710601f7f82ff702cb172a5d5600158fed,invalid_draw_majority,2fd7700d495d4d276cfa3322421ac40d1694b90a3323d398f9b5cde5181e062d,0.24306590144810283,125
0.09803112354464252,0f84d83a3127457526f0b407052df3dc2447fde2bd9768c34f62ff03fe58ae76,lost_first_batch,9def150dfd8361d20e12c5be7f27fc73bdbe51f2b251dc1bdef56230eb533861,0.07149144705238149,126
0.20056470585888422,ad25cf1c6bf0eb499748fc956cf1659104b802718a85a619aa016015aabecce5,lost_first_batch,497ee3a96aac1d4052dcd2865848306a656738b147f9fc4ab5cb0e4b679f7474,0.20148371267135953,127
,b348dac2340d87b50441fc36c383e4cc9e8e46ff364f1286e65c73a48868d5b4,invalid_draw_majority,a10f6e1da36458bbea5da68759cd26ed94fd8d5023294740d8289664f9cdc5bc,0.18019993025434256,128
0.10923103226847411,9dd3bb42d30e11a4063871cb00ee51c3a9d2392b44e055354c1c00ee52d6c43d,lost_after_matching,06c73b056f4de3a169b7af18e46e506d86dd3b179d0c3a2751823ffba485a77e,0.0928081894595886,129
0.02763789922212667,0fe29bd980775f8272b6e742d82a565c323ef67644b9ba73d1977458389e7f27,lost_first_batch,2895417165dfc750b44f4aefd7574ef73b99504fce4d9b3f6e9494d58e6de8a2,0.04651027476673781,130
0.03544388803666292,822598455def8ebe0da4dbbb8eb7c7e96534e3e9367560c34f22411efbac05d4,lost_first_batch,0da528e3a577ef4653c03a7671be3e2d16bf8a3eeab4fe29b373a846d3a6f0bb,0.2365219154704968,131
0.0,e0729579ba0a8f2c169dc4839a380352df3953e8720c8d2a7be929d1e937b61a,invalid_too_short,781059aa412baaf87f591eb01bd2181ebb6d959d3ab9a383d6c2bbfa527a1ff8,0.09060240894705399,132
,6e9d1c4494ece08492f549760dfaab5f66d7aba051c0e99946dcfe9299ce2fbd,invalid_draw_majority,da1229eed128831df7a2b43ecc22b9c0f6fba3e42e5e4ee7ef7ae78f285f12d9,0.07406914859028974,133
0.0742351551629707,003a80ad11bb648dda3898c7a39f5ce38e85afd069c7a835d5d861bc12addb36,invalid_draw_majority,6ef046520d762b9398b7c67cb7fec6fcbbc2db880811f4aab6121b0552a8fda2,0.03874938341817109,134
0.11168817873706503,afcd317e4b96fe656aadd7e18fdf8e4cb3397c93dd873e9dc9021813e16b361d,lost_first_batch,0ea3c42b27979cf55a867cf464de91c8e27f06ceb9e02605eb90689b2295b9b6,0.11191213436678239,135
0.0,4724bf2c7a6b533620c937315a6d0a4c6764a683ad684b6ec909cd1743969fbd,invalid_too_short,f90490a7ea2b40b82fbaeef15ab7e162d5f397df4a7195b95f27818ca44518d9,0.24192773210748583,136
0.1953705562087076,1c6ab293df20f28b4838f7ddcca34f3897c58cdd02f60bb858ac20cc33583113,invalid_draw_majority,0a06b1bc05bcbbd932a1f0d76d79e5c8af7fb7b170c73ed68d180fcce961579a,0.09772984385103435,137
0.13462970496400878,b76010fe90514700121308314b87770e069f8a1d6b67f5bcf051ab78988f54a7,lost_first_batch,6ef046520d762b9398b7c67cb7fec6fcbbc2db880811f4aab6121b0552a8fda2,0.03874938341817109,138
0.12390330345758029,29527dbf22021f8a3af7a738b5f02db3cdce95ec0942912d145d7b16e0db543f,replaced,0a06b1bc05bcbbd932a1f0d76d79e5c8af7fb7b170c73ed68d180fcce961579a,0.09772984385103435,139
0.034377283482635884,2285314536888d8145c9ad50df0596179673114c823c278f33f51c3ab01e0259,filled_empty_cell,c1c8c8f17a254ae686d66bfe66c3b1ecd6dac7e705a323cf3acc3dc06b100770,0.18373315761713577,140
0.19181579667879578,107473b45f28b21df5164be92c5b17c0d01d1beca9317738339099082b707efb,invalid_draw_majority,0e6baeebc06c8b2ec1aa6f3e4f42b1f9f35e90fb2f6a220b76346f4daa5f4109,0.137354321941347,141
0.11831744229041423,7bdc3842c545ddc97ad8a5c2b0a7185da8d94e38a760c2d0a8b9e183dbb33d88,lost_first_batch,c1c8c8f17a254ae686d66bfe66c3b1ecd6dac7e705a323cf3acc3dc06b100770,0.18373315761713577,142
0.10732940231355277,fc4636f4bf28f853c0ffc4c8b27313b894ed300e903ae968d63f187ce20d809f,lost_first_batch,f90490a7ea2b40b82fbaeef15ab7e162d5f397df4a7195b95f27818ca44518d9,0.24192773210748583,143
0.018314481764214657,242e564d7a40ea97fcf8ed675f6722b2b97c506f8343cfcc560b6fb9e3db1d93,filled_empty_cell,33b6da84ade99eda96a0e23d61eb06827cd43bbcba644b63da394d5f843d831e,0.15897096577887224,144
0.28596090103483995,c1cbd97ef011dfd08ddfb4134f9b6d46292b96f9f2bf03e7e8a978e251810880,replaced,497ee3a96aac1d4052dcd2865848306a656738b147f9fc4ab5cb0e4b679f7474,0.20148371267135953,145
0.19277144493223525,528e3dd65810957b9b07720bf8ac015be86af6f03ab1c79b7de00e4b2385d444,replaced,6c92e25181c94b9a48b2e4f48a657fb6f80f12ea251e28dabbab0d6fb5375666,0.18721360041739665,146
0.054745007442365955,1af25ca29b98bcfa87cbd25aeedfd9c1d64a5ebf9138742f494adf165dfdd503,replaced,595f37a6f749d14c010342c4f39d79dd6113179ff782656b457389b86c29131e,0.22806036403376434,147
,ac18c9be33518a4bc203780c1bb0d5be8babed4cdf43b6e37ca247700af87416,invalid_draw_majority,a10f6e1da36458bbea5da68759cd26ed94fd8d5023294740d8289664f9cdc5bc,0.18019993025434256,148
0.19347397425640248,474b1a6c5791dd9affb8c033617b7844af69e9415ab102469d49e83040525120,lost_first_batch,bb90e1afde18a2c90b0a0222fea7ec6f003d2a7976b38546571444a5ef0e523b,0.25903720747070724,149
0.04046558901418211,5ddbb13b3442d5d5c91f7352082101c7c6de47f7d676a4dc3a2617b5b202c3f3,lost_first_batch,826ed7142a614166f1957b6a6def237996f4143a3c780f59d591771d4bc6b51a,0.1656014300732181,150
0.21309335187370096,7fc4d2f1a4620164b9bbcd4d4c19993d7dbdd1c215ebb367b0c82524512e0067,replaced,35a7bce1630e6f12b0945199b2bb5cbb29898222c3d18efa278829a76802e4d5,0.10598740358652582,151
0.0,aae925ac280a1325e4d5c6cffcc5220b983e5993d1300bfdc803518898c6b130,invalid_too_short,2fd7700d495d4d276cfa3322421ac40d1694b90a3323d398f9b5cde5181e062d,0.24306590144810283,152
0.18372147821762694,f2754b9df6588770220c30093a5f05f436da0cc746196fa7c6a2570c9b4403c8,lost_first_batch,497ee3a96aac1d4052dcd2865848306a656738b147f9fc4ab5cb0e4b679f7474,0.20148371267135953,153
0.0,b936170e40b72c79619094615816f3c32c63fc53fc100b75041426008eb682d3,invalid_too_short,a93f636ec18502b56a97c0f5b7888c8b89551fcbaf001cc9ce4d19d492b1dad9,0.13941512567450337,154
0.07863582631572778,615c1ca6d0089a274c8d32d49c7c41e0681366f27d58f1893bc53177d79b750d,lost_after_matching,9def150dfd8361d20e12c5be7f27fc73bdbe51f2b251dc1bdef56230eb533861,0.07149144705238149,155
0.04775895509186578,d0a60254e9d1289ffa701bcb61c9da6450c7b13a05d8273b80619e390718aba1,replaced,9def150dfd8361d20e12c5be7f27fc73bdbe51f2b251dc1bdef56230eb533861,0.07149144705238149,156
,e1cefb01ce95caa1ec59fc344b0a5388d483e267fb724aa0202f6430bc8400ff,invalid_draw_majority,29527dbf22021f8a3af7a738b5f02db3cdce95ec0942912d145d7b16e0db543f,0.13690984383231372,157
0.11995005553755088,5c326c291b77019eb0ce91456e7bb4892021f3bcbfc870a1e3b0128ed21e9085,lost_first_batch,528e3dd65810957b9b07720bf8ac015be86af6f03ab1c79b7de00e4b2385d444,0.18739792487266366,158
0.07622278381861951,5107eb13d89b24f33a59886c33060bdaa60b0e8560d27d59afa7d2734ee349f7,lost_first_batch,528e3dd65810957b9b07720bf8ac015be86af6f03ab1c79b7de00e4b2385d444,0.18739792487266366,159
0.06039430041016653,4579fcdbe77476a949680dcaba580a11838345089e054b653d5066df4661d955,replaced,242e564d7a40ea97fcf8ed675f6722b2b97c506f8343cfcc560b6fb9e3db1d93,0.018314481764214657,160
,1680d966f9dffd8e65d913295c0dddf678fb07d4a54c0c525eaace3d48a84884,invalid_draw_majority,2fd7700d495d4d276cfa3322421ac40d1694b90a3323d398f9b5cde5181e062d,0.24306590144810283,161
0.0,c4a2d53acaa17a9addb7f606e7b7b0bcde254cfecb4943c9f527164cd90a4ec6,invalid_too_short,a10f6e1da36458bbea5da68759cd26ed94fd8d5023294740d8289664f9cdc5bc,0.18019993025434256,162
0.10359250664672835,37ab80aef1a70fd8e517193672e31debfea2aa0535c1295c493b2c9cf9572367,invalid_draw_majority,528e3dd65810957b9b07720bf8ac015be86af6f03ab1c79b7de00e4b2385d444,0.18739792487266366,163
0.17570488429447992,060ffc85cdb7b8d3c32483e5e497571b26802cb37e79c290cf9d396305dbe9f9,lost_first_batch,c3e33c36af6482b572a8b496fb7cfef14aa7e539c3e4347ad157d55f380c8ad7,0.2042484054384925,164
,bba57479b039795da04b8f09604d04802622a704b68a6d94d2ee66ac3c51c109,invalid_draw_majority,e5efc47316dc0d81e43e3ae864def1712afaede4e01c55d96617cccf65852347,0.09919401640334231,165
0.0,1d2272c5a042f7ab707f5411a9db4e20ba76b50053dea875822d8a5764be73f4,invalid_too_short,d0a60254e9d1289ffa701bcb61c9da6450c7b13a05d8273b80619e390718aba1,0.0578563573663633,166
0.2734083373499169,3ae23fc06aad97a231183a6ce3a2f364a7bb44e52f09a9e8797b41d5028e0ae6,replaced,7fc4d2f1a4620164b9bbcd4d4c19993d7dbdd1c215ebb367b0c82524512e0067,0.20940335129294343,167
0.055631372173872595,0e2f6d997188a665df2d7d6df9df22d67c6b2596f510fd62481bf6ef9f100418,lost_first_batch,781059aa412baaf87f591eb01bd2181ebb6d959d3ab9a383d6c2bbfa527a1ff8,0.09060240894705399,168
0.09920775759169095,21dd1a78e6079884e3fa3a9d1bf18513c2c59a672a1de24239a0f2caee61fd63,lost_first_batch,528e3dd65810957b9b07720bf8ac015be86af6f03ab1c79b7de00e4b2385d444,0.18739792487266366,169
0.10863417004808379,fca9ff1e99a18890934858a8a8b1220889964956beb0ec6cc0740b0e84d3af32,lost_first_batch,6117dc8406d130bdc97a2d5571e1016209bdfd9ad93af1fa206afed13a6a9c9a,0.23873531195780856,170
0.0,680bacbd3be125d63cf1f0f2dceb49e3f9b73a945866ca3edbdd7a1494e7d498,invalid_too_short,595f37a6f749d14c010342c4f39d79dd6113179ff782656b457389b86c29131e,0.22806036403376434,171
0.18030494819933965,d228d5f689d94f81d7cc94b33c7a89d1958826e377d68093c33480ba58936826,lost_first_batch,595f37a6f749d14c010342c4f39d79dd6113179ff782656b457389b86c29131e,0.22806036403376434,172
0.0,7c65836f7e20880cb45cb939ce3c1ed9931603d2a7e97818b4e0331273225646,invalid_too_short,a10f6e1da36458bbea5da68759cd26ed94fd8d5023294740d8289664f9cdc5bc,0.18019993025434256,173
0.08682565056170304,525ff7b9ca02414d8cdb6d48ea2266869e0bcd17d3ebc1c1db9d726721a5881f,replaced,4579fcdbe77476a949680dcaba580a11838345089e054b653d5066df4661d955,0.06039430041016653,174
0.21632716703471525,43cbbc00c9bfe0d3a919a872885a47399190302fc1db2cb8f2e48cff129d9f9e,lost_after_matching,497ee3a96aac1d4052dcd2865848306a656738b147f9fc4ab5cb0e4b679f7474,0.20148371267135953,175
0.06732730716163488,a459dfd3ee06315bd60c0cbc57882824ac0c60cf517fbdd23a206d20c8867937,replaced,2285314536888d8145c9ad50df0596179673114c823c278f33f51c3ab01e0259,0.034377283482635884,176
0.18100528727287007,75bc5cc518ed74c4b842c614af5ad2b9dfebf7d45746bb00c4fe564707e12d4b,lost_first_batch,781059aa412baaf87f591eb01bd2181ebb6d959d3ab9a383d6c2bbfa527a1ff8,0.09060240894705399,177
0.12374337810924085,884caca82c778d99e1fe64ebb5fa9e01020ac1f9df8411cd819dffcbfe8c0434,lost_first_batch,bc3a68a1e7008e0004a4fd2d7e6936c7fb3bb82cf2680be435be905998cdb710,0.13040010658130924,178
0.0,ad3f7686f49f25775a8be244855a483380d9fa43cdb2d7fb9acf658e1db5ed4c,invalid_too_short,bb90e1afde18a2c90b0a0222fea7ec6f003d2a7976b38546571444a5ef0e523b,0.25903720747070724,179
0.1238248611085291,e852095889be3a6096fcd438c33d8c366d281f0e03a3043d58450f8dc1807dc5,lost_first_batch,636a263a05a4fff8c669f398fdb43d30df12acc46be22cc5f026d184066cc03f,0.3143683339419902,180
0.2248841707416344,85bc609a4326911d821dda20032364c89b3ee8bba001d6ab76c25b79e344f8c3,invalid_draw_majority,6117dc8406d130bdc97a2d5571e1016209bdfd9ad93af1fa206afed13a6a9c9a,0.23873531195780856,181
0.1570718815708712,9d56adf6bd04e6c3e0aafa5769c83ef1859fb89b0bc571abd79d0c99a420a61c,invalid_draw_majority,35a7bce1630e6f12b0945199b2bb5cbb29898222c3d18efa278829a76802e4d5,0.10598740358652582,182
0.23641912545180202,39fea7a7b721a209af698a95eee023109115fa57f4fed7fcacf0dec4557977d6,replaced,f90490a7ea2b40b82fbaeef15ab7e162d5f397df4a7195b95f27818ca44518d9,0.24192773210748583,183
0.15836670109464068,766aa44013134c45f15afcd647188bfd21b7090d1c54831ea7e8ecacbeeb956c,lost_first_batch,497ee3a96aac1d4052dcd2865848306a656738b147f9fc4ab5cb0e4b679f7474,0.20148371267135953,184
,e121660c95c2985d2a97f439d3d1ded27331f04ba89269a9c9b2d4a546312e70,invalid_draw_majority,35a7bce1630e6f12b0945199b2bb5cbb29898222c3d18efa278829a76802e4d5,0.10598740358652582,185
0.2202683203378579,1693d2be769a781246e0a63b08f330673629bc438740e87d3aefa9f0961476b6,lost_first_batch,bb90e1afde18a2c90b0a0222fea7ec6f003d2a7976b38546571444a5ef0e523b,0.25903720747070724,186
0.23231960302299248,4953c95640e4aa4dcad2c6606fcb62814750efe68bdce51012dee1ebfdf69d19,lost_after_matching,f90490a7ea2b40b82fbaeef15ab7e162d5f397df4a7195b95f27818ca44518d9,0.24192773210748583,187
0.10872699154212802,993b1fe6921445f1a376049a2aaa9aa489be1b2a599f847d8a86da47a48cf2d7,lost_first_batch,781059aa412baaf87f591eb01bd2181ebb6d959d3ab9a383d6c2bbfa527a1ff8,0.09060240894705399,188
,56b1edb8f1636ae549981707e181a15b7be6eb620a69164d76c54ce135d41d55,invalid_draw_majority,a459dfd3ee06315bd60c0cbc57882824ac0c60cf517fbdd23a206d20c8867937,0.05463046639344575,189
0.14249421298902518,d7cfe5e0a243949537552541757cf6be5d837334c989ee696487cef3bd4e69f5,lost_after_matching,bc3a68a1e7008e0004a4fd2d7e6936c7fb3bb82cf2680be435be905998cdb710,0.13040010658130924,190
,f54022e7d4c780671378c62e9926c50f8d7b1a4cb73e23b0bd121615be8811ad,invalid_draw_majority,0e6baeebc06c8b2ec1aa6f3e4f42b1f9f35e90fb2f6a220b76346f4daa5f4109,0.137354321941347,191
,87686f26ce511472a52cd5c720fa44dbf13376103ff4bb6c57877518fc4d284d,invalid_draw_majority,781059aa412baaf87f591eb01bd2181ebb6d959d3ab9a383d6c2bbfa527a1ff8,0.09060240894705399,192
0.03043564520167642,c4315f28e60201da414ebb322a9f27aaced8f6c4a14b393dd2409040ed858d46,lost_first_batch,6ef046520d762b9398b7c67cb7fec6fcbbc2db880811f4aab6121b0552a8fda2,0.03874938341817109,193
0.0,15bf3bbaa487db6fd965a5010622d3b6db967547866e66d48500153408de716f,invalid_too_short,781059aa412baaf87f591eb01bd2181ebb6d959d3ab9a383d6c2bbfa527a1ff8,0.09060240894705399,194
0.0,802c9f012d069e80368fb3acf256e340240b57604c65c466f4cd5e472fdc5313,invalid_too_short,528e3dd65810957b9b07720bf8ac015be86af6f03ab1c79b7de00e4b2385d444,0.18739792487266366,195
0.540673485610851,cbecaa608a4a6eec8a64f2f8fe0d2146bfa5f811f324a6c19fa998cb18fb013c,invalid_draw_majority,636a263a05a4fff8c669f398fdb43d30df12acc46be22cc5f026d184066cc03f,0.3143683339419902,196
,26c4cc8ea62d5005297a631dfa09390138773af92b4dd7b05b18dbd16801d992,invalid_draw_majority,29527dbf22021f8a3af7a738b5f02db3cdce95ec0942912d145d7b16e0db543f,0.13690984383231372,197
0.03203266838160038,2377a3e8c7904f5576add86ba9b7cae3f0d20cc98ebbc06fc43cb32c2207d292,lost_first_batch,595f37a6f749d14c010342c4f39d79dd6113179ff782656b457389b86c29131e,0.22806036403376434,198
0.2189108180714522,50afdead820cbd20064f0b0537c2707aa524809d37ca42b7a8ebbe0fe34ef780,lost_first_batch,6117dc8406d130bdc97a2d5571e1016209bdfd9ad93af1fa206afed13a6a9c9a,0.23873531195780856,199
,9d4e33e77001b07f956a36b84054275d9916cba00a3534824648b21fe65ad22d,invalid_draw_majority,bb90e1afde18a2c90b0a0222fea7ec6f003d2a7976b38546571444a5ef0e523b,0.25903720747070724,200
0.13980297929943994,d9c48c3a9daad59e49b42a952adf3affe2417dcc2c31554aee0064b7599da7b5,lost_first_batch,528e3dd65810957b9b07720bf8ac015be86af6f03ab1c79b7de00e4b2385d444,0.19232611836553057,201
0.08771155434390138,03b787b1b74919b3fcf3475ad40dbd6189813cebfe7740b8a543c46fa00415d1,lost_first_batch,22195ef0af3f825f67d5875da403429dea35a674ea3ac2763953148dede3d2a1,0.10427683167520238,202
0.26982070840582645,b6fa8ae7623acfbf63a926e903c595dcb96c8ae114444070f70cd1d670733cd4,lost_after_matching,7fc4d2f1a4620164b9bbcd4d4c19993d7dbdd1c215ebb367b0c82524512e0067,0.21000265268777565,203
,f551e50ce81ae7bad6a99efd9c1324f294bf441734a8efdba3409dab57fca452,invalid_draw_majority,bb90e1afde18a2c90b0a0222fea7ec6f003d2a7976b38546571444a5ef0e523b,0.25983353852348356,204
0.039450024115602854,8e395a32c71ba7bc6a6727ba625cc1c10c266053b78ba019a717675b15913997,lost_first_batch,8e79d1ad3117f0a7acee3dd6b02f8f9b3371071a9fca0e89622da73af01082c0,0.04224048291597113,205
0.051558330082698584,6239cd222ed2088550434ce7d57bb2fa28a19a2704a8c80bfccb0f4326b4aa21,lost_first_batch,f90490a7ea2b40b82fbaeef15ab7e162d5f397df4a7195b95f27818ca44518d9,0.24852387715628352,206
0.3502601825405297,0165399e5aef676dcd89ba67282d2a83852c762fcae2411a676fe2849f834ca0,replaced,3ae23fc06aad97a231183a6ce3a2f364a7bb44e52f09a9e8797b41d5028e0ae6,0.27081097280602373,207
0.0,f8807be2b64783862bd7feb8c65494dd19afe8f55d72e82425bfb1d68e91c5aa,invalid_too_short,2fd7700d495d4d276cfa3322421ac40d1694b90a3323d398f9b5cde5181e062d,0.24547004363799602,208
,e4ef5204cb316e52aafe0dd25d4e80894be5785187ae2363e3d461e1447b5745,invalid_draw_majority,a93f636ec18502b56a97c0f5b7888c8b89551fcbaf001cc9ce4d19d492b1dad9,0.13066428009504374,209
0.08503753433572693,961d7c4098ab2d428067282fd084e30551895e3c3dc5e2c2c04aeadbb30e6aef,replaced,d0a60254e9d1289ffa701bcb61c9da6450c7b13a05d8273b80619e390718aba1,0.0568162677067342,210
0.1354830773498594,a19589726fee2e5439dff9aaea75c191b788b3ab615b3992aaea2be1344a07ac,invalid_draw_majority,3ae23fc06aad97a231183a6ce3a2f364a7bb44e52f09a9e8797b41d5028e0ae6,0.27081097280602373,211
0.27304573659903486,d88cdd897c6c281d4e746f47d198175a8f5536cdfe42e9638d531f8a2bd6c0f9,invalid_draw_majority,0165399e5aef676dcd89ba67282d2a83852c762fcae2411a676fe2849f834ca0,0.2975404505179065,212
0.14942315407189788,1ff9db7962405c6b83e1d65caa205fb631ec979e5eeee667599d22df63efd2bc,lost_first_batch,35a7bce1630e6f12b0945199b2bb5cbb29898222c3d18efa278829a76802e4d5,0.10488756699255153,213
0.31454578609205486,d9c46adf3ad1e672efe849e9c244889bc653319c15d92a6e77fb9e4c322f6210,invalid_draw_majority,3ae23fc06aad97a231183a6ce3a2f364a7bb44e52f09a9e8797b41d5028e0ae6,0.27081097280602373,214
0.04410375782790902,5bb61f3052d8e8cf1b2b7dd51e8817c86d0730e2b6f9e47f30bd53893510b986,invalid_draw_majority,0165399e5aef676dcd89ba67282d2a83852c762fcae2411a676fe2849f834ca0,0.2975404505179065,215
0.07482940873472389,c50be0f082f4466b53b1822433f1543b15c012f7a3473921d3bd6efd189350d1,lost_first_batch,d0a60254e9d1289ffa701bcb61c9da6450c7b13a05d8273b80619e390718aba1,0.0568162677067342,216
,a91a9897122ecb3a096f970d7b61dafba612bb27dba72116969ca548433ee6f1,invalid_draw_majority,a10f6e1da36458bbea5da68759cd26ed94fd8d5023294740d8289664f9cdc5bc,0.17840449909230613,217
0.029682492049435263,c3730f70c9e475fd044500f7839928906074e70bf7f8a061d76d98582a1db455,lost_first_batch,0ea3c42b27979cf55a867cf464de91c8e27f06ceb9e02605eb90689b2295b9b6,0.10706121074146487,218
0.05710860592896739,e769316364f78ebbb2779273e801d576763fec1a8f90084bc7740a50d9747389,lost_first_batch,c1cbd97ef011dfd08ddfb4134f9b6d46292b96f9f2bf03e7e8a978e251810880,0.25917083103657435,219
0.15023355164385252,a1ae3cce20d51ab7f876b9a467c98d3ed11898ff304c8f92f11d919f0218e715,lost_first_batch,33b6da84ade99eda96a0e23d61eb06827cd43bbcba644b63da394d5f843d831e,0.15359564784893634,220
,957c27ff12c9cc1349e11bc54057c0edb83642c47dfb37782c95844b4d99d82f,invalid_draw_majority,525ff7b9ca02414d8cdb6d48ea2266869e0bcd17d3ebc1c1db9d726721a5881f,0.07895623418354208,221
0.048993341847260695,fe4851b9cbb925989155b1db8a5ff9b359b087236abedadf5cb250bf53f9ef72,lost_first_batch,f90490a7ea2b40b82fbaeef15ab7e162d5f397df4a7195b95f27818ca44518d9,0.24852387715628352,222
0.029323997179827654,1ce33dd58f14540c8fd0999b8837c8b7f6b8ba1034b47297b6fe6460ce5afb5c,lost_after_matching,525ff7b9ca02414d8cdb6d48ea2266869e0bcd17d3ebc1c1db9d726721a5881f,0.07895623418354208,223
0.41783813661723035,ebbc8cbdfc8b102d76c59b5963b569c3a1f18751036c3008ba6c7959336a8eaa,invalid_draw_majority,39fea7a7b721a209af698a95eee023109115fa57f4fed7fcacf0dec4557977d6,0.2552960566377391,224
0.0339150482662578,29c972196205fa770ebc53122cbbb7b9528e5880213cc1b23ec87a5e206c2bfc,lost_first_batch,a459dfd3ee06315bd60c0cbc57882824ac0c60cf517fbdd23a206d20c8867937,0.050566366333747025,225
0.09326954922315968,72f34d0361995e89f74ccfb57e6a896bd9a77cdbcee23a2e16f6cd5de7140507,lost_first_batch,8e79d1ad3117f0a7acee3dd6b02f8f9b3371071a9fca0e89622da73af01082c0,0.04224048291597113,226
0.19545349352866903,999c86f08fc21589db270323a44fdc2415c9d12b299004155c369a90c9515822,filled_empty_cell,7fc4d2f1a4620164b9bbcd4d4c19993d7dbdd1c215ebb367b0c82524512e0067,0.21000265268777565,227
,35c2f647eef95335cc6d48809359476c9dbcb103469ad5a21d9953b02da7002a,invalid_draw_majority,06c73b056f4de3a169b7af18e46e506d86dd3b179d0c3a2751823ffba485a77e,0.08806492643342781,228
0.0,38a13369f7b131eb22129f0d13e320d534b8ef3e1caa3432bce546afa4d8dcc8,invalid_too_short,06c73b056f4de3a169b7af18e46e506d86dd3b179d0c3a2751823ffba485a77e,0.08806492643342781,229
0.19602493078222416,cf7167d8648cd0db34296bf26d4a3d19e759545fa97b9ecd25f246f4f8ae279c,invalid_draw_majority,826ed7142a614166f1957b6a6def237996f4143a3c780f59d591771d4bc6b51a,0.16355791665003608,230
,7bd4f4cbfbd546d0498c2a34abc27f899a9ea69a1358ae59f13b8092da15ffc7,invalid_draw_majority,a459dfd3ee06315bd60c0cbc57882824ac0c60cf517fbdd23a206d20c8867937,0.050566366333747025,231
,b41e889925c56a7a5980ac241d02d054f1225dd6a7d5f375e8ae8c914ce3f9a9,invalid_draw_majority,c3e33c36af6482b572a8b496fb7cfef14aa7e539c3e4347ad157d55f380c8ad7,0.20595488503914516,232
0.16171747345659745,87e7cb1ec904f7b2decba8773fe5f5f0062401f8f925289e13f2de81fb3754b1,invalid_draw_majority,595f37a6f749d14c010342c4f39d79dd6113179ff782656b457389b86c29131e,0.2518448957586244,233
,a5e137e3576a3dae4d0a8f839714752e27f0b60f63ef34fc9301450a10d50f05,invalid_draw_majority,781059aa412baaf87f591eb01bd2181ebb6d959d3ab9a383d6c2bbfa527a1ff8,0.09044025822653486,234
0.10096378340858596,57d199501e9b80780107df8e0706cdf29652d62fa5700f2faee7c4fb2eef5bea,lost_first_batch,d0a60254e9d1289ffa701bcb61c9da6450c7b13a05d8273b80619e390718aba1,0.0568162677067342,235
0.35153810802555213,c294202ec39c0cb878fded73d682ad51b3e42ac6cab8814bc119ff28728b78bc,lost_after_matching,636a263a05a4fff8c669f398fdb43d30df12acc46be22cc5f026d184066cc03f,0.35104019925511437,236
0.04364070546844443,3c1ddbef3f1d5438f733805999eb0c7ca9c540cf2825146731f58c632671d79f,lost_first_batch,e5efc47316dc0d81e43e3ae864def1712afaede4e01c55d96617cccf65852347,0.09908061636834506,237
,c05382e7d6d280eddf3e188b6625830be94aea0dd46d2376d5bb7dd223a992f6,invalid_draw_majority,c1cbd97ef011dfd08ddfb4134f9b6d46292b96f9f2bf03e7e8a978e251810880,0.25917083103657435,238
0.1229302386268374,7606ab44fabb943a9844de5598a3a84d407770286e95616bf920ee8803f308a6,replaced,525ff7b9ca02414d8cdb6d48ea2266869e0bcd17d3ebc1c1db9d726721a5881f,0.07895623418354208,239
0.19593833742332908,ed6d6d6a49a48f3c16a2fd083dcd5e3f104235bc308559ce2a75ed4c8d1038ee,invalid_draw_majority,0165399e5aef676dcd89ba67282d2a83852c762fcae2411a676fe2849f834ca0,0.2975404505179065,240
0.0,d86ceca7ed240df78c5e07ccdd293e2ec765560aca680f78dcbabfe181b02ea3,invalid_too_short,528e3dd65810957b9b07720bf8ac015be86af6f03ab1c79b7de00e4b2385d444,0.19232611836553057,241
0.06166284902441602,7bc2a37e92b0de36c2a57f6ba18f40c5d0e7948c9e7fda2e861025b84d6afe1d,lost_first_batch,9def150dfd8361d20e12c5be7f27fc73bdbe51f2b251dc1bdef56230eb533861,0.06562123877698754,242
0.07975589215401871,f719f6cb4e60c43144068de987fca467786279533ed19608a2b13004d5507be3,lost_first_batch,39fea7a7b721a209af698a95eee023109115fa57f4fed7fcacf0dec4557977d6,0.2552960566377391,243
0.1838213125138947,5693da7ee7d5dd6a738aab37fe60098e0e7642fd4c7fac0abb2a9f717ec12cbc,lost_first_batch,7fc4d2f1a4620164b9bbcd4d4c19993d7dbdd1c215ebb367b0c82524512e0067,0.21000265268777565,244
0.10503405425767491,fafc9a62d075dc91daaba155c252f73802bfc8a5b11fb1389bc0754c152fd8db,lost_first_batch,0e6baeebc06c8b2ec1aa6f3e4f42b1f9f35e90fb2f6a220b76346f4daa5f4109,0.13369307127320346,245
0.10646393886073287,06c5f11f7201fbf2bf35aebd178a76760208ca158d729c45ec1210ac81ab1fd5,invalid_draw_majority,636a263a05a4fff8c669f398fdb43d30df12acc46be22cc5f026d184066cc03f,0.35104019925511437,246
0.028074029852783806,2eede5e4b3cc3481e2fc40c561b6e497bdb44e59ca5b5f673fa6cda4469d023e,lost_first_batch,a10f6e1da36458bbea5da68759cd26ed94fd8d5023294740d8289664f9cdc5bc,0.17840449909230613,247
0.0,c2cd1ee8b3627f0a333eba3573571c9c51da755d642bfb80f5a7cae55c8cc47d,invalid_too_short,a93f636ec18502b56a97c0f5b7888c8b89551fcbaf001cc9ce4d19d492b1dad9,0.13066428009504374,248
0.2314339335483898,5af12e3e64238e4bfee54281cbc0ff5c22b98db0b3e0e941a1eed0d7607f8814,lost_after_matching,525ff7b9ca02414d8cdb6d48ea2266869e0bcd17d3ebc1c1db9d726721a5881f,0.07895623418354208,249
0.04452779591382181,ade8e3e3115abd943bcfa44b6cab3f537e69a1e22693990986cbeafc626053f5,lost_first_batch,595f37a6f749d14c010342c4f39d79dd6113179ff782656b457389b86c29131e,0.2518448957586244,250
0.12899922459802585,888771bb42e26ace61955e0931c21c3b3f1c6fa5b26616172d9af1c888c80ab1,invalid_draw_majority,8e79d1ad3117f0a7acee3dd6b02f8f9b3371071a9fca0e89622da73af01082c0,0.04224048291597113,251
,fd1a0a0dddd521c4cf0d0fb00ea6426f3268b7c85ae963746c4d50ebfe80bcc2,invalid_draw_majority,c1cbd97ef011dfd08ddfb4134f9b6d46292b96f9f2bf03e7e8a978e251810880,0.25917083103657435,252
0.1490721777816004,ef8475da5dc3db3f42d48bf67a78e4b1eee514b3eb8d72474f50975bea12d0b7,invalid_draw_majority,6ef046520d762b9398b7c67cb7fec6fcbbc2db880811f4aab6121b0552a8fda2,0.028418602339713297,253
0.04211805334984446,e550998d5f85cca1e682ce52b246a485aeadf04005d25e3c623ea1cede30d790,lost_first_batch,29527dbf22021f8a3af7a738b5f02db3cdce95ec0942912d145d7b16e0db543f,0.128746578112183,254
0.24514474157078234,0730813a8adb6a08774a39a266ccf3e4e87b207a4a63bb5e454d6961adf67da3,lost_first_batch,f90490a7ea2b40b82fbaeef15ab7e162d5f397df4a7195b95f27818ca44518d9,0.24852387715628352,255
0.02719015554774364,e5eafc31ffb4f3084630433c240347cb3091e2285c573913b3c839095b79b4c0,lost_first_batch,c3e33c36af6482b572a8b496fb7cfef14aa7e539c3e4347ad157d55f380c8ad7,0.20595488503914516,256
0.058573518136840905,1e8ee9c4f9c30941408ee16416888e6d264fc3a457b04d4764f3e886f53218a4,replaced,8e79d1ad3117f0a7acee3dd6b02f8f9b3371071a9fca0e89622da73af01082c0,0.04224048291597113,257
0.06467508734549557,cab1fefca57ea8d4867215478b9286962b230534282fc3787b726b575c5ff74f,lost_first_batch,781059aa412baaf87f591eb01bd2181ebb6d959d3ab9a383d6c2bbfa527a1ff8,0.09044025822653486,258
,b460a9070c3f94648285cf0ac4d7ff53537e6b2642d5e63917905287382765b8,invalid_draw_majority,d0a60254e9d1289ffa701bcb61c9da6450c7b13a05d8273b80619e390718aba1,0.0568162677067342,259
0.0,87a4520c6dc8896c372cc5f8c594d185cca3265aa5ae978898300f5b68220ee3,invalid_too_short,9def150dfd8361d20e12c5be7f27fc73bdbe51f2b251dc1bdef56230eb533861,0.06562123877698754,260
0.03361737528811328,8354df76848128f86ecb9df6aa8c8a2ee3a07e9c46a0401490bba39ec7bc6db9,replaced,781059aa412baaf87f591eb01bd2181ebb6d959d3ab9a383d6c2bbfa527a1ff8,0.09044025822653486,261
0.0,d6e69083d2c62f0b1bab861d17a5f5d35ea090ca51beb8a7a13da80f7eb4e0de,invalid_too_short,826ed7142a614166f1957b6a6def237996f4143a3c780f59d591771d4bc6b51a,0.16355791665003608,262
0.23790522441829265,0fdd3bd04bb54d8ae3e0572bf6493855688ba5c2e4d6b3d4945f1329964bddf5,lost_first_batch,39fea7a7b721a209af698a95eee023109115fa57f4fed7fcacf0dec4557977d6,0.2552960566377391,263
0.2310513194327801,57f3375a13fef3d61ed5003f94a26406b70d4b04012a1bc5b8d85808ee3f8eba,invalid_draw_majority,528e3dd65810957b9b07720bf8ac015be86af6f03ab1c79b7de00e4b2385d444,0.19232611836553057,264
0.03920627985685247,101a93b8148c4816233d1c245ffed40ef6a93ce7138642b2609c9c86ab9d0e69,lost_first_batch,1e8ee9c4f9c30941408ee16416888e6d264fc3a457b04d4764f3e886f53218a4,0.05223295653493122,265
0.07260454842844641,2cb1affbdac197866862076f6c356873ea7f9addb30f1829d00dd4915bd4f058,invalid_draw_majority,a459dfd3ee06315bd60c0cbc57882824ac0c60cf517fbdd23a206d20c8867937,0.050566366333747025,266
,4de623226aa91772c7b5d1af246452a2572c8cd9077bab0f13c89b7a6d4445e7,invalid_draw_majority,d0a60254e9d1289ffa701bcb61c9da6450c7b13a05d8273b80619e390718aba1,0.0568162677067342,267
0.181624646173143,6a0a7140ddd0085d0b1eba0fa062e3dc34bfe9d58fe6331f8675c37903c00c69,lost_first_batch,c1cbd97ef011dfd08ddfb4134f9b6d46292b96f9f2bf03e7e8a978e251810880,0.25917083103657435,268
,1269b2ac33bc5d2ea9beaade2d2713d985b21b7f1ebd31d1bc682143b5f4cba5,invalid_draw_majority,2285314536888d8145c9ad50df0596179673114c823c278f33f51c3ab01e0259,0.052479817859567575,269
0.28070472498114035,062b28ee4cc45ba4515d5c0ff07d4b87bd449e3fe3b6e367a275d870efacc6fc,replaced,999c86f08fc21589db270323a44fdc2415c9d12b299004155c369a90c9515822,0.19545349352866903,270
0.0,2e46c5cfccc5000184e387c3e5eecc7e824080e502f8e58cacc3d14aa45f1903,invalid_too_short,f90490a7ea2b40b82fbaeef15ab7e162d5f397df4a7195b95f27818ca44518d9,0.24852387715628352,271
0.27093535171130306,773a36b1de3e8d0780dd2aaf567de73b644403145fb990bb1342b4314dabc683,lost_first_batch,0165399e5aef676dcd89ba67282d2a83852c762fcae2411a676fe2849f834ca0,0.2975404505179065,272
0.03225461457888877,cd89486628776ab4cdfaf8cf7f002b7bec464e59b58307b26b8f544f11fdf475,lost_first_batch,a459dfd3ee06315bd60c0cbc57882824ac0c60cf517fbdd23a206d20c8867937,0.050566366333747025,273
0.1175347282850431,e86f5c87f5fc176678cb59801f11d1505c92dfeb776d22dd681ae1f186b74e4d,lost_first_batch,bb90e1afde18a2c90b0a0222fea7ec6f003d2a7976b38546571444a5ef0e523b,0.25983353852348356,274
0.09199700889830191,c4a58822ed7a69c99400202640574def947d51176dce152919c617def931a262,invalid_draw_majority,e5efc47316dc0d81e43e3ae864def1712afaede4e01c55d96617cccf65852347,0.09908061636834506,275
0.0,9c2174ec2753cbe03e232eb7064baf43dc917f7769c8498441da29974ef3d4a7,invalid_too_short,2285314536888d8145c9ad50df0596179673114c823c278f33f51c3ab01e0259,0.052479817859567575,276
0.13600708553981328,ee94ee1d4d4ebb647102c69a874adcacd246ab3ea6b53603648388a6257497ff,invalid_draw_majority,7fc4d2f1a4620164b9bbcd4d4c19993d7dbdd1c215ebb367b0c82524512e0067,0.21000265268777565,277
0.24670313426749874,a2b6462532508a2b1c135636a0cfefe2a1474e440d628d66e2f5a02ce000f202,lost_first_batch,bb90e1afde18a2c90b0a0222fea7ec6f003d2a7976b38546571444a5ef0e523b,0.25983353852348356,278
0.18178980481847684,3d23f758becd137b26ef5cce85e02acdd9c01d9483672b0ab740d8954bc16dc2,lost_first_batch,7fc4d2f1a4620164b9bbcd4d4c19993d7dbdd1c215ebb367b0c82524512e0067,0.21000265268777565,279
0.0,4c97d411d22d6d35df2c40a0d783b3f28ca40f8a80d8dcd19fe9f21ecfbb9b11,invalid_too_short,22195ef0af3f825f67d5875da403429dea35a674ea3ac2763953148dede3d2a1,0.10427683167520238,280
,fb9f054b22c0bc62c5ccbf9f0b400b7aa2225db0f100055deb76fd9e8dd4a362,invalid_draw_majority,0e6baeebc06c8b2ec1aa6f3e4f42b1f9f35e90fb2f6a220b76346f4daa5f4109,0.13369307127320346,281
0.3855837302886012,5db4b9b8175b4a3713332eec1184602c2b67afaeeb9250d8048a3ae139619a05,replaced,062b28ee4cc45ba4515d5c0ff07d4b87bd449e3fe3b6e367a275d870efacc6fc,0.28070472498114035,282
0.10769083966408584,399ee7fee7b6d415e38b9cca5a11cd8d1fa9f912fb0deb13f589e40c086a726b,replaced,961d7c4098ab2d428067282fd084e30551895e3c3dc5e2c2c04aeadbb30e6aef,0.064941715486257,283
0.10992935284983958,fd57b51ade3f4568081cd38625a592e2d9308ff3d54897e2161f2c55d5960096,replaced,399ee7fee7b6d415e38b9cca5a11cd8d1fa9f912fb0deb13f589e40c086a726b,0.10617033836416886,284
0.1602964539535101,8e02f7b53f0b98f2d5ddca9091b4e367b568c4ce4510643f86e8fb171df13fe8,lost_first_batch,39fea7a7b721a209af698a95eee023109115fa57f4fed7fcacf0dec4557977d6,0.2552960566377391,285
0.05416611734709604,5aa96338678137dac4e07753713c32445d1bf86887ff8ebe3c13f5cef0a4ab7e,lost_first_batch,33b6da84ade99eda96a0e23d61eb06827cd43bbcba644b63da394d5f843d831e,0.15359564784893634,286
0.02921481414845385,32a84a4031b356fd9e2d9232239246b5365ffac119c033c2af733796d7504bc8,lost_first_batch,1e8ee9c4f9c30941408ee16416888e6d264fc3a457b04d4764f3e886f53218a4,0.05223295653493122,287
0.1099442785609922,1166b0ce691ae76ff9b458789116f746e14ed641766532e23714ea9c0f6e45d7,lost_first_batch,a93f636ec18502b56a97c0f5b7888c8b89551fcbaf001cc9ce4d19d492b1dad9,0.13066428009504374,288
0.06576457427522367,0169fa0bc5d67a071dc10e895577a1b598a84e68864b58f22f2b9c66baa1a67d,lost_first_batch,636a263a05a4fff8c669f398fdb43d30df12acc46be22cc5f026d184066cc03f,0.35104019925511437,289
0.12452684940365816,161cf08a398920a7f9a96054575298b1ea8472b549a62148e113b8f5ec382a77,lost_first_batch,a93f636ec18502b56a97c0f5b7888c8b89551fcbaf001cc9ce4d19d492b1dad9,0.13066428009504374,290
0.0,97dcf989288652a321a7bc048a374daef4df14304ec162a8eeff176329d18a27,invalid_too_short,961d7c4098ab2d428067282fd084e30551895e3c3dc5e2c2c04aeadbb30e6aef,0.064941715486257,291
0.06382160656992245,79c0880039e5e5f1dda0a1a6d69316e7aad58e69a913a037d4ff3dfe9ddb74e8,lost_first_batch,d0a60254e9d1289ffa701bcb61c9da6450c7b13a05d8273b80619e390718aba1,0.0568162677067342,292
0.04868400233067652,468f9b42842c0451a40f9043f69a3ca8ebbcebd9d3f731daf84c2c1fbca13f82,lost_first_batch,8354df76848128f86ecb9df6aa8c8a2ee3a07e9c46a0401490bba39ec7bc6db9,0.032217335638883654,293
0.12663269894958448,f195c4525a371f40f2bb24de3f8519a36b65354f85961505d52bec9dd4d18cfd,lost_first_batch,a93f636ec18502b56a97c0f5b7888c8b89551fcbaf001cc9ce4d19d492b1dad9,0.13066428009504374,294
,d021191e78be6a95050a9c3edca764cd78f4318a3227455ccd6a89f9c5016477,invalid_draw_majority,06c73b056f4de3a169b7af18e46e506d86dd3b179d0c3a2751823ffba485a77e,0.08806492643342781,295
0.11399052305095193,474c402b6187b4f0044a51de92ada78535e035ad0316baa28826dbf42108acc6,lost_first_batch,06c73b056f4de3a169b7af18e46e506d86dd3b179d0c3a2751823ffba485a77e,0.08806492643342781,296
,2ed52735eee9b9a04796118332c8a4fa875a214fdbf420a1f6b76485cd7d6f0b,invalid_draw_majority,9def150dfd8361d20e12c5be7f27fc73bdbe51f2b251dc1bdef56230eb533861,0.06562123877698754,297
0.08434088063034834,2ada4349366398384392265f5c1e1f0aa91e046b242082afffb1d36688db5e22,lost_after_matching,d0a60254e9d1289ffa701bcb61c9da6450c7b13a05d8273b80619e390718aba1,0.0568162677067342,298
0.02845177968644246,f7546a99c2431f2b29f0490ca9836083e854c27d599bfa2944054b7a5ee7620e,invalid_draw_majority,636a263a05a4fff8c669f398fdb43d30df12acc46be22cc5f026d184066cc03f,0.35104019925511437,299
0.24068271619044218,3e843d2d03406d24f34f653da38af4839cf72a8a5cd19129c430e03c486bbf1f,lost_first_batch,a459dfd3ee06315bd60c0cbc57882824ac0c60cf517fbdd23a206d20c8867937,0.050566366333747025,300
0.06042772400247878,69cae37e26700c577f21ab90eda39e2f3f8fb1cc2509c0df9fdb0f163fd71fa1,lost_first_batch,0e6baeebc06c8b2ec1aa6f3e4f42b1f9f35e90fb2f6a220b76346f4daa5f4109,0.13404667609774135,301
0.08649946269656592,8863e83d8612021844fc185cea77345a50d2b5c7ea27da817f28105f458cd9fb,lost_first_batch,781059aa412baaf87f591eb01bd2181ebb6d959d3ab9a383d6c2bbfa527a1ff8,0.08492891063500486,302
0.23740962745653527,35b9904c0747488a3ff95b1a44f3fc5acdf912428a08fbb38f505d8be8bfc42d,invalid_draw_majority,6117dc8406d130bdc97a2d5571e1016209bdfd9ad93af1fa206afed13a6a9c9a,0.22596216080027595,303
0.18785597899287457,fac890a710d064c949dfb819d2963b79f807a6a9b3e9b7d08e8f1f88e09b8376,invalid_draw_majority,6117dc8406d130bdc97a2d5571e1016209bdfd9ad93af1fa206afed13a6a9c9a,0.22596216080027595,304
,32c5e7389c6be348ea98894a59dffefb5757b6e6ff3b98fa902d08e017e1f7bf,invalid_draw_majority,0e6baeebc06c8b2ec1aa6f3e4f42b1f9f35e90fb2f6a220b76346f4daa5f4109,0.13404667609774135,305
0.08910538748544747,4bd10e487628e836b30e89dbe152e8a9165d343ccdc57b6cd6d8d9ea886447cd,lost_first_batch,d0a60254e9d1289ffa701bcb61c9da6450c7b13a05d8273b80619e390718aba1,0.056592589501437994,306
0.033973743684088197,f8c005e37f20700fd04738182c39193ee8c693912724c9bf1c4a52c275c6164b,lost_first_batch,1e8ee9c4f9c30941408ee16416888e6d264fc3a457b04d4764f3e886f53218a4,0.0529771958113889,307
0.1609166411194119,d75e1e2a9bbeaa2a08f959cb8a139611b27cdf1fe8c72b89c475584c04e99521,lost_first_batch,7fc4d2f1a4620164b9bbcd4d4c19993d7dbdd1c215ebb367b0c82524512e0067,0.2154131227298117,308
0.20856471036842705,c0dd1645f27d2e2a6fba3259465f6543b31c566864afb172d6533dc76df680a9,invalid_draw_majority,497ee3a96aac1d4052dcd2865848306a656738b147f9fc4ab5cb0e4b679f7474,0.20605727102275762,309
0.09798313308332454,249ee3fcff8f9e15d40db4a6643d6323454f7548845d58e4c804db13e893ee24,lost_first_batch,826ed7142a614166f1957b6a6def237996f4143a3c780f59d591771d4bc6b51a,0.16314244322883675,310
,fbebb38c06c1be493a10fbbf91c2a0897a825b17ba982a167dfe062d6405c976,invalid_draw_majority,c1cbd97ef011dfd08ddfb4134f9b6d46292b96f9f2bf03e7e8a978e251810880,0.24638739923512673,311
0.30066404963622817,4c016deb9a927cef24091222d67be4b1ad8de292654982f9f76eae373d17b143,lost_first_batch,5db4b9b8175b4a3713332eec1184602c2b67afaeeb9250d8048a3ae139619a05,0.3409171647178538,312
0.0,9926c5e7842123ac1588903260eef6ff49861d917aa6858e1b0b6a4abf672f16,invalid_too_short,497ee3a96aac1d4052dcd2865848306a656738b147f9fc4ab5cb0e4b679f7474,0.20605727102275762,313
0.07412845065024973,e3d80e6c1528b725346d8a1e76efa853c6d087382e745fe4531fe0f269bfa722,lost_first_batch,29527dbf22021f8a3af7a738b5f02db3cdce95ec0942912d145d7b16e0db543f,0.1285225569332933,314
0.0,2885d01d2072a03ba7bee7bca31f5c39c4b58fc9a59ed91e230f466d6d264037,invalid_too_short,c1cbd97ef011dfd08ddfb4134f9b6d46292b96f9f2bf03e7e8a978e251810880,0.24638739923512673,315
0.04623136496496081,2b61c03dfa8f89c34c51251f45c9aa8d8d2baf49324690774309a9d3427faddc,lost_first_batch,8354df76848128f86ecb9df6aa8c8a2ee3a07e9c46a0401490bba39ec7bc6db9,0.03218349751020324,316
,603b50754c03a60ea3099459eb0805235dd160f84ece35d6da8803e6ab1d4f0f,invalid_draw_majority,9def150dfd8361d20e12c5be7f27fc73bdbe51f2b251dc1bdef56230eb533861,0.06251330057142966,317
0.01741059956206065,417be860e1f6e96efc1101a04c3a498df17280075c872e50817ef9c94e4d3af6,filled_empty_cell,595f37a6f749d14c010342c4f39d79dd6113179ff782656b457389b86c29131e,0.23062549383899417,318
0.1697302907493897,c1d400ad4babef3a60ec709df56a603298a5fcd6fa1989f513b7c7f1947f3800,replaced,a93f636ec18502b56a97c0f5b7888c8b89551fcbaf001cc9ce4d19d492b1dad9,0.12557992921494066,319
0.031198587785660255,9d50e64d5b20aedc2926997c9facc413d81cfc0707f92589682511cc72f9684d,lost_first_batch,a459dfd3ee06315bd60c0cbc57882824ac0c60cf517fbdd23a206d20c8867937,0.04959115743690009,320
0.049371242682751955,d4b7bc1d456dc12aca28ff6b553e090d51d891e074a52e1217a0b460ac9d1a4e,lost_first_batch,2285314536888d8145c9ad50df0596179673114c823c278f33f51c3ab01e0259,0.05228229174971782,321
0.18620254594608165,91069d93e21d595e9f93fe1733a5f947eff60be006b350673df8790a7333c8a8,invalid_draw_majority,c1d400ad4babef3a60ec709df56a603298a5fcd6fa1989f513b7c7f1947f3800,0.1518622942832679,322
0.0,f8bf6f35c7da9d2fa6aaa1e3752e6648fd7ad7b6b5eccf18de7bd35261e218f8,invalid_too_short,c3e33c36af6482b572a8b496fb7cfef14aa7e539c3e4347ad157d55f380c8ad7,0.20427370415978482,323
0.05377838669195144,3c4c1646f8aad538be5305c964dc19c3b6876c85c105fc9968f683701ce05f12,lost_first_batch,525ff7b9ca02414d8cdb6d48ea2266869e0bcd17d3ebc1c1db9d726721a5881f,0.07154386314684481,324
0.2533799328439919,a6c4b9d80d4ee01be9ea009becaf1a0393a3eda4b3d5cb5c33f8510944d450da,lost_first_batch,c1cbd97ef011dfd08ddfb4134f9b6d46292b96f9f2bf03e7e8a978e251810880,0.24638739923512673,325
0.27006743514282505,cd7f51402c9d1a4d80abbe0b4c3cca61a7bef11a9eb45f499ee207d2132ab1cd,invalid_draw_majority,0165399e5aef676dcd89ba67282d2a83852c762fcae2411a676fe2849f834ca0,0.3045059961971699,326
0.16099467641685866,7445930b97f032972952fb2a011e073c1e042447b4b41ab975030221a95a78ca,invalid_draw_majority,06c73b056f4de3a169b7af18e46e506d86dd3b179d0c3a2751823ffba485a77e,0.0869084324301546,327
0.06363675894565278,f67a4613468bb40dfc119f428913e71526b91595d0ea6e1727166f5d31664a39,lost_first_batch,29527dbf22021f8a3af7a738b5f02db3cdce95ec0942912d145d7b16e0db543f,0.1285225569332933,328
0.08810659726927011,502d04378a0242a4f07b1d196d61017cf8e9c315a8c745c93cb8a124fe872de3,lost_first_batch,781059aa412baaf87f591eb01bd2181ebb6d959d3ab9a383d6c2bbfa527a1ff8,0.08492891063500486,329
0.06833497695956449,199dc60ab49e11991249164f179550ed7779c8aa8110b1628763fbf0e898f036,lost_first_batch,417be860e1f6e96efc1101a04c3a498df17280075c872e50817ef9c94e4d3af6,0.01741059956206065,330
0.10977465083635293,e1d5d6894da6ee83dee4790ab65b14558156f9d8b5cc0269c3eddddc16016170,lost_first_batch,29527dbf22021f8a3af7a738b5f02db3cdce95ec0942912d145d7b16e0db543f,0.1285225569332933,331
0.19184835431663544,66fa13f3ba29214be71455deee4e54a3240a5708e0cf2e47cef62412a9b1c3b1,lost_first_batch,a10f6e1da36458bbea5da68759cd26ed94fd8d5023294740d8289664f9cdc5bc,0.17306190533693,332
0.0,be95eddf0c58a5c1abe4f3185a56ee0e023939f4f2f0a5bd5537f7c8cf035979,invalid_too_short,0165399e5aef676dcd89ba67282d2a83852c762fcae2411a676fe2849f834ca0,0.3045059961971699,333
0.07052798411315787,94db5f63afe2916d0f108be4abf2fe88869fca4e5232873b4af790345d2f54de,invalid_draw_majority,9def150dfd8361d20e12c5be7f27fc73bdbe51f2b251dc1bdef56230eb533861,0.06251330057142966,334
,5e1064c4d5b4133d72ad2d214ae161a4b40db61f7b65bd754cf50edd44eccfec,invalid_draw_majority,0165399e5aef676dcd89ba67282d2a83852c762fcae2411a676fe2849f834ca0,0.3045059961971699,335
0.12791315977303747,05666ba1f5699308027590bd5b3e591ce83d94a845bf01adea3fa90df8d6ec27,lost_first_batch,33b6da84ade99eda96a0e23d61eb06827cd43bbcba644b63da394d5f843d831e,0.15762901179666747,336
0.045765646463532726,d93605ab71be16ae197420dc115e855b1bc039930fe33f81a1eb371a33077301,lost_first_batch,525ff7b9ca02414d8cdb6d48ea2266869e0bcd17d3ebc1c1db9d726721a5881f,0.07154386314684481,337
0.3134685552414899,5acbfe1193b71baae7b6ce646b1ed04a1009c79a9c27636868f51f86eedcdce7,lost_after_matching,0165399e5aef676dcd89ba67282d2a83852c762fcae2411a676fe2849f834ca0,0.3045059961971699,338
,1f139cc2a0fa94e961cd764675fecc0005089cc64ceb5f2cf66f82f57bb5adf4,invalid_draw_majority,7fc4d2f1a4620164b9bbcd4d4c19993d7dbdd1c215ebb367b0c82524512e0067,0.2154131227298117,339
0.3232904715834734,2087d3ea7f3378ec780533b183a0570183983b51cfcb4db44aeafe9ce97c43b7,invalid_draw_majority,0165399e5aef676dcd89ba67282d2a83852c762fcae2411a676fe2849f834ca0,0.3045059961971699,340
0.05345372659883145,811accbd3a1a4fafcdf6e34903c0d686ffa10dd63a2b29d5e17706e7a68ce59b,lost_first_batch,a93f636ec18502b56a97c0f5b7888c8b89551fcbaf001cc9ce4d19d492b1dad9,0.12557992921494066,341
0.04781248385339576,d50a95bf89d9f52d400d1d4e73e74b5cfb6c89d59569155343a867a89d477771,lost_first_batch,417be860e1f6e96efc1101a04c3a498df17280075c872e50817ef9c94e4d3af6,0.01741059956206065,342
0.0,daf27a75d74285855647872c1e12d2ab51168d0a8c7e1e042c2e6ef2a2aa1103,invalid_too_short,c3e33c36af6482b572a8b496fb7cfef14aa7e539c3e4347ad157d55f380c8ad7,0.20427370415978482,343
0.2766948382419862,a97bdba4e25aefcc9e963c1c57f4bf4d7ab1ca63ba5ad79bf812dad22d12d01b,lost_after_matching,3ae23fc06aad97a231183a6ce3a2f364a7bb44e52f09a9e8797b41d5028e0ae6,0.2678612027574742,344
0.0,e52983b96a9a1634183de15a6454b7b3d2af6b09eb8b6243018aebe720e53cc9,invalid_too_short,c1cbd97ef011dfd08ddfb4134f9b6d46292b96f9f2bf03e7e8a978e251810880,0.24638739923512673,345
0.12631833588352695,d95a328eff8b583dc4fe6f3bd698aaff25673bdf1e8e3d58f6f9dd7554337602,lost_first_batch,781059aa412baaf87f591eb01bd2181ebb6d959d3ab9a383d6c2bbfa527a1ff8,0.08492891063500486,346
0.16077851581120423,8e20a4ce0b6bdf2833c7a424a98ae94a80848f2ea5971a7dad32b62c225d7482,lost_after_matching,7606ab44fabb943a9844de5598a3a84d407770286e95616bf920ee8803f308a6,0.14658391733374448,347
0.25693237560031945,6a78cb0e59c2c8069dea83e93c9f20ca429af6af31379f4fc64b39f0e93720b2,invalid_draw_majority,29527dbf22021f8a3af7a738b5f02db3cdce95ec0942912d145d7b16e0db543f,0.1285225569332933,348
0.240896919763257,1c3ba1911da9ab0e0eb6e82c01283178ed0bc823d1d68f52f1c85798f6ea8967,lost_after_matching,a93f636ec18502b56a97c0f5b7888c8b89551fcbaf001cc9ce4d19d492b1dad9,0.12557992921494066,349
0.14014784480053133,691e11b68291aa8cce9adc77adcead94958481220164664017a96d96b5e42496,invalid_draw_majority,7606ab44fabb943a9844de5598a3a84d407770286e95616bf920ee8803f308a6,0.14658391733374448,350
0.27854972509760806,7b03662cdd0437cd6d31ce401188892a12c75929572f02bddab4a62b5288fb2b,lost_after_matching,bb90e1afde18a2c90b0a0222fea7ec6f003d2a7976b38546571444a5ef0e523b,0.24788708617564975,351
0.18048261296760446,f31a765a4586fbfbb24bec07987f71bb6da50d4051b3ae8cb806e3b63ffc5a51,lost_first_batch,c3e33c36af6482b572a8b496fb7cfef14aa7e539c3e4347ad157d55f380c8ad7,0.20427370415978482,352
0.0,fee0fb680dd19e1248190f608a270245b44e765005db795e4881a860844e6ba9,invalid_too_short,22195ef0af3f825f67d5875da403429dea35a674ea3ac2763953148dede3d2a1,0.11139419882724519,353
,4077d37a5e8b5a9f5630e292210a5fed22b92f4eb839677a42f33aa66af7f659,invalid_draw_majority,781059aa412baaf87f591eb01bd2181ebb6d959d3ab9a383d6c2bbfa527a1ff8,0.08492891063500486,354
0.2895199360648,8745c3762708881eaf7058222c5983916cdb8569507932325f93ddec2de54e60,lost_after_matching,3ae23fc06aad97a231183a6ce3a2f364a7bb44e52f09a9e8797b41d5028e0ae6,0.2678612027574742,355
0.0,7440dc6caf631efb7287a9ee7e35b4ad5062123f7cf29f04326dcd45262f401e,invalid_too_short,2fd7700d495d4d276cfa3322421ac40d1694b90a3323d398f9b5cde5181e062d,0.24329763746271815,356
0.0971558947257633,6c413aee142dadf5139111c08079f18de7b5a6c1db6e066d9796f6b83b0580bd,invalid_draw_majority,f90490a7ea2b40b82fbaeef15ab7e162d5f397df4a7195b95f27818ca44518d9,0.25635014459064526,357
0.04597100462663756,b9cae1d97fa097b7128075863eb749e6504cddc4dace6e4150d3c1cd74c4746a,lost_first_batch,7606ab44fabb943a9844de5598a3a84d407770286e95616bf920ee8803f308a6,0.14658391733374448,358
0.19951601773743327,53c96b33c148cbf4614ff6585a4682995d94ef1dddbe25826d5ca0534de7eec3,lost_first_batch,595f37a6f749d14c010342c4f39d79dd6113179ff782656b457389b86c29131e,0.23062549383899417,359
0.04364868294300949,1028436801adffe9b7a564fbfc2e5b4f4a4feff384eddc2e031bc7664e5a4615,lost_first_batch,29527dbf22021f8a3af7a738b5f02db3cdce95ec0942912d145d7b16e0db543f,0.1285225569332933,360
0.2321293967741072,b6dc403fcff209d26f166c7f7c56559a6f114a29e6454136fe5fe6272a48a0a5,lost_first_batch,528e3dd65810957b9b07720bf8ac015be86af6f03ab1c79b7de00e4b2385d444,0.18138607889702973,361
0.2430641875014866,1f58519791445811d2c63598ed1806530ca1a5d63f673521e30d36d5f954c34f,lost_first_batch,f90490a7ea2b40b82fbaeef15ab7e162d5f397df4a7195b95f27818ca44518d9,0.25635014459064526,362
,da8e121e75f8ffc598de9fc2fa7c278c68e877476aa1ca0af43315c0a2860883,invalid_draw_majority,0165399e5aef676dcd89ba67282d2a83852c762fcae2411a676fe2849f834ca0,0.3045059961971699,363
0.08369768669524676,6b3a95a7cfd69d178b630c4b1a5c8af8a815b6f73a7ba328c5a8cbb55ca1e6c2,lost_first_batch,8354df76848128f86ecb9df6aa8c8a2ee3a07e9c46a0401490bba39ec7bc6db9,0.03218349751020324,364
,5693203a362b324b896a79d0fca2b1ec20ffe5d5eeafbad01c0c0eee32f809e1,invalid_draw_majority,595f37a6f749d14c010342c4f39d79dd6113179ff782656b457389b86c29131e,0.23062549383899417,365
0.18681617869436082,9ad1c1d616330bc783bf8b7f6872959969a3c0296e12deaa2dc90f296d1f500c,lost_first_batch,528e3dd65810957b9b07720bf8ac015be86af6f03ab1c79b7de00e4b2385d444,0.18138607889702973,366
0.0329105238861602,a78412878d8712df43b217081a50c67817da3451e7510713d4fc1fa1b11a822d,lost_first_batch,961d7c4098ab2d428067282fd084e30551895e3c3dc5e2c2c04aeadbb30e6aef,0.06058424605429869,367
0.09961325032817706,de54cda7f36c661641db9a2393b3f79e079a978f9b01a6f3642fc0be07db60d0,lost_first_batch,826ed7142a614166f1957b6a6def237996f4143a3c780f59d591771d4bc6b51a,0.16314244322883675,368
0.11369511690891532,01db4a661dc98636637b757f5aac25af62e1252de3550e8562f8e330d359aac4,lost_first_batch,2fd7700d495d4d276cfa3322421ac40d1694b90a3323d398f9b5cde5181e062d,0.24329763746271815,369
0.03810036287408548,8923114d1be91a28ec423b8ed7f8246fbcd4a417ac8a516db6f6009709810331,lost_first_batch,417be860e1f6e96efc1101a04c3a498df17280075c872e50817ef9c94e4d3af6,0.01741059956206065,370
0.11828096797403016,630789b97c857dbdd22928982c02a6f650a33e33f42cd9d1820221bae2e2af81,lost_first_batch,c1cbd97ef011dfd08ddfb4134f9b6d46292b96f9f2bf03e7e8a978e251810880,0.24638739923512673,371
0.09059105439541344,92186eb26a70abbb80d823ce5e9988adc955db1f5f17b3a046ae2967be2edb16,lost_first_batch,7606ab44fabb943a9844de5598a3a84d407770286e95616bf920ee8803f308a6,0.14658391733374448,372
0.0,08a6fff6bf7aa8bf89be9084df97e8c78d4e6211b30d9417b038d76d056dbbfe,invalid_too_short,06c73b056f4de3a169b7af18e46e506d86dd3b179d0c3a2751823ffba485a77e,0.0869084324301546,373
,01b37e3886977e5d79d2e51f2a2162bdefce65746218c35ee4625f59b6707161,invalid_draw_majority,636a263a05a4fff8c669f398fdb43d30df12acc46be22cc5f026d184066cc03f,0.3413213373469594,374
0.133654243820883,ad092c1e026e09691a6405331fbf4485d318baf98e61091c438f4414593249f6,lost_first_batch,33b6da84ade99eda96a0e23d61eb06827cd43bbcba644b63da394d5f843d831e,0.15762901179666747,375
,b96ad991643a0ae3d0cab9a8a81c0b354b25b79e3b0d876068ca43f3ca455fc8,invalid_draw_majority,c1cbd97ef011dfd08ddfb4134f9b6d46292b96f9f2bf03e7e8a978e251810880,0.24638739923512673,376
0.2109080147198062,179d3410f355f569cd884fbe717ad1771a8f5aa4e8ca07e0aa175bb798e26edb,lost_first_batch,528e3dd65810957b9b07720bf8ac015be86af6f03ab1c79b7de00e4b2385d444,0.18138607889702973,377
0.10528969687099403,e68b5a39378cd6d3869e59a4be8300acd3c1664c8ea3942186d47e48ce020b97,lost_first_batch,c1d400ad4babef3a60ec709df56a603298a5fcd6fa1989f513b7c7f1947f3800,0.1518622942832679,378
0.04969644202835219,29f291b52e5a391602399b2e2a5daa0be99dc94e0bea388a8d89ebbe510cc0af,lost_first_batch,da1229eed128831df7a2b43ecc22b9c0f6fba3e42e5e4ee7ef7ae78f285f12d9,0.07815721769485742,379
0.0,61c79ec50e885c4216b8ce1ecc3b1b56bbd150a6d358c8480e3852b6345095e5,invalid_too_short,595f37a6f749d14c010342c4f39d79dd6113179ff782656b457389b86c29131e,0.23062549383899417,380
0.18784307073590345,3025896d6b576c39d91c57a697d7676c5610dba1510a56dfccf8cd3cf9d505ab,lost_first_batch,595f37a6f749d14c010342c4f39d79dd6113179ff782656b457389b86c29131e,0.23062549383899417,381
0.2380867180959268,8187cb3a226d383b9d23f0dc5a5fa726db138b9ea2f530b6ac8389c0ac7bd388,lost_after_matching,6117dc8406d130bdc97a2d5571e1016209bdfd9ad93af1fa206afed13a6a9c9a,0.22596216080027595,382
,ab5022425e167a550dc5513844d59cc16959d7fe260eee348390d0fe1ea05a5c,invalid_draw_majority,c1cbd97ef011dfd08ddfb4134f9b6d46292b96f9f2bf03e7e8a978e251810880,0.24638739923512673,383
0.3187125144834206,62d16629943c54955497bf47fe087eac8f9a5da1eefd2a434ef2b739abea55b3,invalid_draw_majority,0165399e5aef676dcd89ba67282d2a83852c762fcae2411a676fe2849f834ca0,0.3045059961971699,384
0.10968290319705866,74c638d1feb065ea06f00759978b148875e1d4def69d0fb8a1473c206f2e98e3,lost_first_batch,961d7c4098ab2d428067282fd084e30551895e3c3dc5e2c2c04aeadbb30e6aef,0.06058424605429869,385
0.16105490740685321,3bd08e9a0f706e03b75f0e2bf32bad2ef3f9f0f650dccef4d6f5681259629955,invalid_draw_majority,1e8ee9c4f9c30941408ee16416888e6d264fc3a457b04d4764f3e886f53218a4,0.0529771958113889,386
0.2226325845565665,5cd4898410ab8913edbef06cf736187b073cbc45c27429f2a2d34c61780e25fb,lost_first_batch,528e3dd65810957b9b07720bf8ac015be86af6f03ab1c79b7de00e4b2385d444,0.18138607889702973,387
0.04351954511760699,fb1d038efc7686af197effec733a6c1830f013600bafb6b95249830f9cfe34e0,lost_first_batch,2285314536888d8145c9ad50df0596179673114c823c278f33f51c3ab01e0259,0.05228229174971782,388
0.12684248956819885,0a45bd5db966df0e8b5ef630a73ff4ac349d3031e4320b8b2ffe6d3913c0b2e7,lost_first_batch,7606ab44fabb943a9844de5598a3a84d407770286e95616bf920ee8803f308a6,0.14658391733374448,389
0.14429287911841682,15e9db1787bfda0d0c520532730e61a82de4cb6b2e642e65c8a67999eefaede3,invalid_draw_majority,06c73b056f4de3a169b7af18e46e506d86dd3b179d0c3a2751823ffba485a77e,0.0869084324301546,390
0.046940422963536885,45230abddf5595a62c60691ae9ac73166e5fd7d1e8fcf6531525a60f41b5603d,invalid_draw_majority,3ae23fc06aad97a231183a6ce3a2f364a7bb44e52f09a9e8797b41d5028e0ae6,0.2678612027574742,391
0.20150180869043502,55c887bf89a5fa1a178df6305eafd3d047877c8f440214f3be8a024080d17828,lost_first_batch,528e3dd65810957b9b07720bf8ac015be86af6f03ab1c79b7de00e4b2385d444,0.18138607889702973,392
,46e934176d5ee4586c0f7c43472a0b02b8153a39ef1eec72e6b6ec122c499c54,invalid_draw_majority,d0a60254e9d1289ffa701bcb61c9da6450c7b13a05d8273b80619e390718aba1,0.056592589501437994,393
0.11501604527451836,a69e045acc8615b384246854fbe5967444509ce26b5a007bdb426b038d17faec,replaced,9def150dfd8361d20e12c5be7f27fc73bdbe51f2b251dc1bdef56230eb533861,0.06251330057142966,394
0.2972453728735657,707fb797f52577ecc4da9d0c459ee18d6009acaeeac1be711bfecb78af825184,lost_first_batch,0165399e5aef676dcd89ba67282d2a83852c762fcae2411a676fe2849f834ca0,0.3045059961971699,395
0.02278157353291824,4e3388b0ae0ea894b258d90944112818ce5663f18b4c2b3e44a4c922aef546bf,lost_first_batch,781059aa412baaf87f591eb01bd2181ebb6d959d3ab9a383d6c2bbfa527a1ff8,0.08492891063500486,396
0.0,75064c754eed770a27370986be60bb48e952f1655873313e476ca41363d09ca8,invalid_too_short,7606ab44fabb943a9844de5598a3a84d407770286e95616bf920ee8803f308a6,0.14658391733374448,397
0.22334772072693254,76f6e01e83d559239626f406f1f2cac443ee411c3b125ed48a85d738b9fd9036,invalid_too_short,497ee3a96aac1d4052dcd2865848306a656738b147f9fc4ab5cb0e4b679f7474,0.20605727102275762,398
0.19302942648361462,a37a28398610a35791e1ced6085c5cd481e19d3893d697078dce266c210a07cc,lost_first_batch,c3e33c36af6482b572a8b496fb7cfef14aa7e539c3e4347ad157d55f380c8ad7,0.20427370415978482,399
0.12631320006856483,dc427570ead4f934adfa1479b2cee7e27ca037486ea34563ac9b9fb9bf5143c9,invalid_draw_majority,2285314536888d8145c9ad50df0596179673114c823c278f33f51c3ab01e0259,0.05228229174971782,400
0.016667956971021355,e9340363486fc292c0ebcc210c1f30bd0bd245c930bf3efd7715ac724481494e,lost_first_batch,781059aa412baaf87f591eb01bd2181ebb6d959d3ab9a383d6c2bbfa527a1ff8,0.07974607283162226,401
0.0,8df5a98c994b7c1a7c1ac1b9e1d20cb42722c497419d92526cfe86443ba61042,invalid_too_short,2285314536888d8145c9ad50df0596179673114c823c278f33f51c3ab01e0259,0.04941567514676796,402
0.0,37b1f1f91b9b86dbe1a7518a46cd7a4e1b6c72ac0315fdc41a27b4191a380c13,invalid_too_short,961d7c4098ab2d428067282fd084e30551895e3c3dc5e2c2c04aeadbb30e6aef,0.061988176651852224,403
0.02871685156527163,ea7b75085d5ea9a43b3b33b85005c9e6ebe4a49340e125e93f4e19a59541f61c,lost_first_batch,8354df76848128f86ecb9df6aa8c8a2ee3a07e9c46a0401490bba39ec7bc6db9,0.03358409083810103,404
0.09083515312630934,599dc479abbfe0ac0882b53583b273a054501603f59ab6c04c104d620b3e63aa,invalid_draw_majority,1e8ee9c4f9c30941408ee16416888e6d264fc3a457b04d4764f3e886f53218a4,0.04963537742047436,405
0.26311231113417727,0cd2237e7109eb973e7f989d72ba2ec202b75bbd8dece0d8ce990baa61440383,lost_first_batch,0165399e5aef676dcd89ba67282d2a83852c762fcae2411a676fe2849f834ca0,0.30144833798492915,406
0.21641443924308398,4dd66a3efaadb10874689abe867cc68915bf23de37d60e2fdc597b15b96ac250,lost_first_batch,417be860e1f6e96efc1101a04c3a498df17280075c872e50817ef9c94e4d3af6,0.03001232887397069,407
0.1340471984073713,b0ef8e62a767e696255ab15dbb2d96dadb3e1d8b574e2327a51bdff1cebd5269,lost_first_batch,781059aa412baaf87f591eb01bd2181ebb6d959d3ab9a383d6c2bbfa527a1ff8,0.07974607283162226,408
0.20204820431672296,eaa30723761eecb1aabc2f2e8bf7e8b807d06cb380362978525eb1c352e7af26,lost_first_batch,497ee3a96aac1d4052dcd2865848306a656738b147f9fc4ab5cb0e4b679f7474,0.2030532040933642,409
0.29464364309973257,ae3eabac990fe960ccf2ccf938b6581625b2ad8cfd11f2432a6269b13e3fa1c5,replaced,39fea7a7b721a209af698a95eee023109115fa57f4fed7fcacf0dec4557977d6,0.26373173544520007,410
0.10743228225289213,9ecd379e7b66225ab64794eb36a6fdd5c8f2886aa911173b9092d73f5477b5c6,lost_first_batch,39fea7a7b721a209af698a95eee023109115fa57f4fed7fcacf0dec4557977d6,0.26373173544520007,411
0.0,b3df44791d3b3c687dc44a489c59b1e19b8e9147e7854b7db050f9b21e28d58b,invalid_too_short,497ee3a96aac1d4052dcd2865848306a656738b147f9fc4ab5cb0e4b679f7474,0.2030532040933642,412
0.061083081454702474,ceec167a0d1cbcb30331a9da34cf55df16a51f353be37eb64c7a41f050737147,lost_after_matching,a459dfd3ee06315bd60c0cbc57882824ac0c60cf517fbdd23a206d20c8867937,0.05196516299039903,413
0.05969490257721988,02b6e75c51819d74f52a948766c93af7f015756314a527f0b713faf4cae3a54b,replaced,d0a60254e9d1289ffa701bcb61c9da6450c7b13a05d8273b80619e390718aba1,0.056635491007110864,414
0.1490249077012112,858130c60a1ef06c260454c8adf3fd4c34b68eb1657c04d36fdcd98e8d3cef67,lost_first_batch,f90490a7ea2b40b82fbaeef15ab7e162d5f397df4a7195b95f27818ca44518d9,0.25080379760055466,415
0.25266333333618585,51ee1ae98a65afea8b8481c93ea17e53d99fa2c94eb19b5f4b6f4bb335863983,replaced,7fc4d2f1a4620164b9bbcd4d4c19993d7dbdd1c215ebb367b0c82524512e0067,0.21661916787718474,416
0.11350005080474765,cbb3e3eb58f532d9bed4def2515a8b503731f1e028dfbf62f2e0fcd7f5e70ba3,lost_first_batch,7606ab44fabb943a9844de5598a3a84d407770286e95616bf920ee8803f308a6,0.14592515711503543,417
0.08456535685902472,d1eb7cfbf23bda2f0d6bb41b3477d1353a69027e30ba23e82179fb9a69da242b,lost_first_batch,06c73b056f4de3a169b7af18e46e506d86dd3b179d0c3a2751823ffba485a77e,0.08730505016792224,418
0.08012084314466227,8783c9724f4e128aaa4fe6efaddb3bf3732926a0a48a424bb19404eba2d3ee6f,lost_after_matching,da1229eed128831df7a2b43ecc22b9c0f6fba3e42e5e4ee7ef7ae78f285f12d9,0.0769564101703116,419
0.0,d2e0d13d49e86fd56cf7a13c33cd793e1830b4260b8fa547dba0780e1ee25447,invalid_too_short,781059aa412baaf87f591eb01bd2181ebb6d959d3ab9a383d6c2bbfa527a1ff8,0.07974607283162226,420
0.07818849641021139,cf12f5b51525feb817aa0498262fdb687035412b48c26b26b65a611bb1fc614a,lost_after_matching,a459dfd3ee06315bd60c0cbc57882824ac0c60cf517fbdd23a206d20c8867937,0.05196516299039903,421
0.1262353001250003,ad98e4874d6e91b99ea2488206c21b8d28449aee71d0fefd66e076d915a34256,filled_empty_cell,6117dc8406d130bdc97a2d5571e1016209bdfd9ad93af1fa206afed13a6a9c9a,0.22945201446494376,422
0.10232948744859231,590d7d7571c55189d9e40cd942db2aa5d25f63cdb0f84c45799eb1a79862b65c,invalid_draw_majority,826ed7142a614166f1957b6a6def237996f4143a3c780f59d591771d4bc6b51a,0.1584589229699223,423
0.06209619160697797,7cc080fd0127fe91347256c929b19a853f396cd7f86c9218c5a046ac35e44441,lost_after_matching,02b6e75c51819d74f52a948766c93af7f015756314a527f0b713faf4cae3a54b,0.057869013075930696,424
0.07280631121727105,56ef71b66aae314fd12194c3fffaf5e7a2911401e66de5d868ca8f9c5bb8a7c4,replaced,6117dc8406d130bdc97a2d5571e1016209bdfd9ad93af1fa206afed13a6a9c9a,0.22945201446494376,425
0.09038629765920193,89c3a5f5a1bdc7971d51c6396f8b4e64c9d89017c9cc1fad79be54def8c99446,invalid_draw_majority,5db4b9b8175b4a3713332eec1184602c2b67afaeeb9250d8048a3ae139619a05,0.3227410954399132,426
0.04884857959327997,09485319dbc810e45d2f5c9874cb8d9f3724e77ab9d17500fc8b79a7960281d7,lost_first_batch,a459dfd3ee06315bd60c0cbc57882824ac0c60cf517fbdd23a206d20c8867937,0.05196516299039903,427
0.32785591786218726,2e970fa4f31c9dbbb47c0a082074986bc15a97a1987b1247c0ab30b8bbf51d0a,lost_after_matching,5db4b9b8175b4a3713332eec1184602c2b67afaeeb9250d8048a3ae139619a05,0.3227410954399132,428
0.09705361236516186,801b9911562012ece17f971f3647f88a3806a319ff48981e47e84c90bf243c9c,lost_first_batch,2285314536888d8145c9ad50df0596179673114c823c278f33f51c3ab01e0259,0.04941567514676796,429
0.0,b202a6bdc3390a4bd855bd967404fd26739079f0a228502c36724d1af2879f95,invalid_too_short,fd57b51ade3f4568081cd38625a592e2d9308ff3d54897e2161f2c55d5960096,0.12068113414572527,430
0.3239219841251779,d1fb7f50dda12ed64905bc2ddee5fcd9642851688b4760bd7413262c928e1103,lost_after_matching,0165399e5aef676dcd89ba67282d2a83852c762fcae2411a676fe2849f834ca0,0.30144833798492915,431
0.26847558964622065,9c0174225fc4eeef618c17e4d293d411044684c40be1713920c8f57a7820c5d2,lost_first_batch,0165399e5aef676dcd89ba67282d2a83852c762fcae2411a676fe2849f834ca0,0.30144833798492915,432
0.04939617230548892,2fedecc1986a3950cc2150585eb4ce510f218e0eb4d89caf8c4160e959b9a7e5,lost_first_batch,7606ab44fabb943a9844de5598a3a84d407770286e95616bf920ee8803f308a6,0.14592515711503543,433
0.11638488779740715,bf575f8850b2faa9c82d263885b2698ae4ff35fd020022b89083579ecd83c4f3,lost_first_batch,a93f636ec18502b56a97c0f5b7888c8b89551fcbaf001cc9ce4d19d492b1dad9,0.12484430849336077,434
0.14372421961088816,0e9804c142dfc7f4f4b5517ccec32341d745a763fa8c7e206ad567ed78fa124e,replaced,ad98e4874d6e91b99ea2488206c21b8d28449aee71d0fefd66e076d915a34256,0.1262353001250003,435
0.24354003845637157,fd664b949cee70ef72edac289c2dd06e5373d05ca4a978154c20a2a2b1735fe0,replaced,ae3eabac990fe960ccf2ccf938b6581625b2ad8cfd11f2432a6269b13e3fa1c5,0.2828603329916732,436
,b399f84d818c867bc1b3c77d53261ac09a198de36b11fdb9abc7c62222468748,invalid_draw_majority,da1229eed128831df7a2b43ecc22b9c0f6fba3e42e5e4ee7ef7ae78f285f12d9,0.0769564101703116,437
0.174635162424939,1c331dbf9d18dde723d543aa6af66d322c1d770e84e5b5b62c228823a71bf87f,replaced,a10f6e1da36458bbea5da68759cd26ed94fd8d5023294740d8289664f9cdc5bc,0.1738101301841208,438
,2cba8a5d725db0dc38c10488841494b672244aab3e2bc32a55c21461d994da2a,invalid_draw_majority,51ee1ae98a65afea8b8481c93ea17e53d99fa2c94eb19b5f4b6f4bb335863983,0.2477902439560419,439
0.07559943831649803,813d7789ff1395c290809fa7983db4949cce6495bd50514331e63d0041553525,lost_first_batch,d0a60254e9d1289ffa701bcb61c9da6450c7b13a05d8273b80619e390718aba1,0.056635491007110864,440
0.23613527742233079,d9d4918e25c4c29894168d9e558778a9c6849f478d2733dbec457e939e2e3211,invalid_draw_majority,fd57b51ade3f4568081cd38625a592e2d9308ff3d54897e2161f2c55d5960096,0.12068113414572527,441
0.20946854557762387,a47c48fc538bc429508dbe3b52293f2b3a819d47b5d130db7d1fadfeb2782abd,lost_first_batch,fd664b949cee70ef72edac289c2dd06e5373d05ca4a978154c20a2a2b1735fe0,0.23657715469749807,442
0.0,4007759cbc141fe29ff2cfcbd9266eae703782e39dc6dc644ba4b6aa3de3cd60,invalid_too_short,2fd7700d495d4d276cfa3322421ac40d1694b90a3323d398f9b5cde5181e062d,0.25054255686428173,443
0.30703169132223534,1616f2e1d8aa9be6bc42e99c6a57c77aa3a07176a8ce059ee8d574316d7ed5eb,invalid_draw_majority,29527dbf22021f8a3af7a738b5f02db3cdce95ec0942912d145d7b16e0db543f,0.12483705781086794,444
0.19660589200950357,c2383d407593dd95efa54c8c123e9521531e99591b51bf10059904337a87a9a9,invalid_draw_majority,0165399e5aef676dcd89ba67282d2a83852c762fcae2411a676fe2849f834ca0,0.30144833798492915,445
0.045267875409061444,afd614edb565fcbc8a752c49dc970ae080055096dd3f6a945eb93be8c36a7767,filled_empty_cell,29527dbf22021f8a3af7a738b5f02db3cdce95ec0942912d145d7b16e0db543f,0.12483705781086794,446
,ba1d6cc50698871429d652afc8ffe3f6d436dc1145c3b0d6f2d389b7dc5ae021,invalid_draw_majority,7606ab44fabb943a9844de5598a3a84d407770286e95616bf920ee8803f308a6,0.14592515711503543,447
,86bf6ac93b9fc34db678b67bd368b24f4adbef84ee3e7a4197414033a0c71cff,invalid_draw_majority,0165399e5aef676dcd89ba67282d2a83852c762fcae2411a676fe2849f834ca0,0.30144833798492915,448
0.24205082613935638,b9f4ea51c9a55f51eecdd9c4e090ef745856b951dc69ed45edab8d9322555a61,lost_first_batch,2fd7700d495d4d276cfa3322421ac40d1694b90a3323d398f9b5cde5181e062d,0.25054255686428173,449
0.2168153031299952,c7d24834662c3c0f59fbb1437b5b793b68157205afad023df9863dc5eb6abb30,lost_first_batch,fd664b949cee70ef72edac289c2dd06e5373d05ca4a978154c20a2a2b1735fe0,0.23657715469749807,450
0.30138569535585286,99ed8dab01e0df6bce130518f019c3fb048d7de547c3d4bcb7082ab99e28f93a,invalid_draw_majority,5db4b9b8175b4a3713332eec1184602c2b67afaeeb9250d8048a3ae139619a05,0.3227410954399132,451
0.0,2b78edea0d315cf941cd787f4973bbc28cf279ae92516dcb63e20c977afee4cb,invalid_too_short,5db4b9b8175b4a3713332eec1184602c2b67afaeeb9250d8048a3ae139619a05,0.3227410954399132,452
0.024637518271020488,7ac3ecb99c5495f7174d5fbac89e10d6c8d967cbad52417dbf5f2a46e0714008,lost_first_batch,29527dbf22021f8a3af7a738b5f02db3cdce95ec0942912d145d7b16e0db543f,0.12483705781086794,453
0.0,5d5fa284f77fdfeded63af8dc287aaf3c063900760c0df640c8557da6f5d8e17,invalid_too_short,c3e33c36af6482b572a8b496fb7cfef14aa7e539c3e4347ad157d55f380c8ad7,0.20224838846708248,454
0.24677245924309557,8b73804890a590f1617e15217c8b81e9fdf74e74ea3e6a83859d9627240086a9,lost_first_batch,781059aa412baaf87f591eb01bd2181ebb6d959d3ab9a383d6c2bbfa527a1ff8,0.07974607283162226,455
0.24040132703048014,1f5d7be3eb996b4c346263dd4f3317b67edab9cfb540a276e076a8118916fad9,filled_empty_cell,51ee1ae98a65afea8b8481c93ea17e53d99fa2c94eb19b5f4b6f4bb335863983,0.2477902439560419,456
0.09467781279026609,7dbb1db3b674c54c881dad3c00ee368bf8ace61e636d02f0ad3e9f3f87bf6f76,invalid_draw_majority,06c73b056f4de3a169b7af18e46e506d86dd3b179d0c3a2751823ffba485a77e,0.08730505016792224,457
0.3124850771905919,e96651608c5382feae4c47ead7eb43621e05842c4486a87a656b538d8f15cb1d,lost_first_batch,5db4b9b8175b4a3713332eec1184602c2b67afaeeb9250d8048a3ae139619a05,0.3227410954399132,458
0.04688106541612516,895045792b209932c10d84fc8084dd210b866ab8aa093b76421eef784b25df36,lost_first_batch,5db4b9b8175b4a3713332eec1184602c2b67afaeeb9250d8048a3ae139619a05,0.3227410954399132,459
,4afce9c4178f6dc459661b0584b7b95fd14d9596774ba9a1e0009661caf627fb,invalid_draw_majority,51ee1ae98a65afea8b8481c93ea17e53d99fa2c94eb19b5f4b6f4bb335863983,0.2477902439560419,460
0.2382469402022769,b68cf1e654d796f940c80c6360f6ea76a36ad1cf6fa5e234bf8eb2aaf940065d,lost_first_batch,1f5d7be3eb996b4c346263dd4f3317b67edab9cfb540a276e076a8118916fad9,0.24040132703048014,461
0.3018469196325693,1dcc0a132e0aaebf35135c9a20875d5bf828aba3d9bacfb50b9244228740501d,lost_first_batch,29527dbf22021f8a3af7a738b5f02db3cdce95ec0942912d145d7b16e0db543f,0.12483705781086794,462
,03d903f2b74339ef630b2bf7dc202162864d97fcbd4c4b8ebd3b0e0f34ae41bf,invalid_draw_majority,7606ab44fabb943a9844de5598a3a84d407770286e95616bf920ee8803f308a6,0.14592515711503543,463
,e6cd705b61e16db8794f588fa186d295c614bbb5161a638fa411a34af28a45b2,invalid_draw_majority,6117dc8406d130bdc97a2d5571e1016209bdfd9ad93af1fa206afed13a6a9c9a,0.22945201446494376,464
,bc466647d4bc1e164e5219792cbc0e9db3b2fe090ba3f8ff7a24663a9f9d1c36,invalid_draw_majority,6117dc8406d130bdc97a2d5571e1016209bdfd9ad93af1fa206afed13a6a9c9a,0.22945201446494376,465
0.144978282696949,259f6478726f126587a03721d913c7c9a77874235970fb673a44fee165c41a16,lost_first_batch,33b6da84ade99eda96a0e23d61eb06827cd43bbcba644b63da394d5f843d831e,0.1515464019484652,466
,f36278c1d93ba9c4fece225519f57a7fd74e5c90aac20ac14c11d867a0dd7857,invalid_draw_majority,02b6e75c51819d74f52a948766c93af7f015756314a527f0b713faf4cae3a54b,0.057869013075930696,467
0.0,fe4ca4e50d8bc97fc452fa8c46b29b7b747e54ffd259127308ce9e6ceba07ce1,invalid_too_short,528e3dd65810957b9b07720bf8ac015be86af6f03ab1c79b7de00e4b2385d444,0.17868238735213754,468
0.05771858289752519,8d9bdf1fd133f67e5767d33ca2038b55eeda599d9271b49723f6314df7f37193,lost_first_batch,02b6e75c51819d74f52a948766c93af7f015756314a527f0b713faf4cae3a54b,0.057869013075930696,469
0.24301037908317774,7f09e41cb5c39a0ea5b81291ddf1ffa8eeb24d7d28cc3ed633d1a8950d57c840,invalid_draw_majority,1f5d7be3eb996b4c346263dd4f3317b67edab9cfb540a276e076a8118916fad9,0.24040132703048014,470
0.32857131103736303,a8f9aba7555e9a16b7409235582707e69ccc0477cf2b10bd0c8d1c28e0a41a4a,invalid_draw_majority,33b6da84ade99eda96a0e23d61eb06827cd43bbcba644b63da394d5f843d831e,0.1515464019484652,471
0.11978165510724216,1ee2bb3a137d8099bf623195e1911d5cae6a42b6fb865599b65305512d8398ec,lost_first_batch,826ed7142a614166f1957b6a6def237996f4143a3c780f59d591771d4bc6b51a,0.1584589229699223,472
0.03872087167835145,5ea69061e72f364d758ae2db726f416df9328f1a715d633ee680f8efbf582a12,lost_first_batch,fd664b949cee70ef72edac289c2dd06e5373d05ca4a978154c20a2a2b1735fe0,0.23657715469749807,473
0.0,681e99e2d0a590b83c05d54767511078541dec21d810521a34bf9576a3b3bc27,invalid_too_short,fd57b51ade3f4568081cd38625a592e2d9308ff3d54897e2161f2c55d5960096,0.12068113414572527,474
0.08021274734597383,835ade1042eb1b3a02e711509ecb1b5cee6ae3422b1700c0dc3a326957a88721,lost_first_batch,56ef71b66aae314fd12194c3fffaf5e7a2911401e66de5d868ca8f9c5bb8a7c4,0.07295632987144192,475
0.17128907858305187,54ec3a39794ca6d10b574640ff57ceb73b0429a7fb18dcef644bc60c894e775a,lost_first_batch,0e9804c142dfc7f4f4b5517ccec32341d745a763fa8c7e206ad567ed78fa124e,0.14372421961088816,476
0.0,507fd734b2828fc72f82b2670b4f8ea81df8893b1e88e81f8903cf6a11103b88,invalid_too_short,bb90e1afde18a2c90b0a0222fea7ec6f003d2a7976b38546571444a5ef0e523b,0.2629759547916359,477
0.0,88023e3b6c4eeca605b31cfe9f5d1602dd56d859c09ef34bf2f6759ece31eb45,invalid_too_short,9def150dfd8361d20e12c5be7f27fc73bdbe51f2b251dc1bdef56230eb533861,0.0610486440797103,478
0.028452199274462176,bfc7fc9e1bd609bce927c370def7495ec74a27740c81ea6ed0effac67da02d6d,lost_first_batch,9def150dfd8361d20e12c5be7f27fc73bdbe51f2b251dc1bdef56230eb533861,0.0610486440797103,479
0.031123724356957948,9d11b776dca89668cb4187560f0c530842c4b7030f509a8f19d2780b231619fb,invalid_draw_majority,bb90e1afde18a2c90b0a0222fea7ec6f003d2a7976b38546571444a5ef0e523b,0.2629759547916359,480
0.17934096772912442,ef190c838b636d58cf171d02c79d9cd146a204cedf17102cddce556cb2254a14,lost_first_batch,ae3eabac990fe960ccf2ccf938b6581625b2ad8cfd11f2432a6269b13e3fa1c5,0.2828603329916732,481
0.08412367772812582,92ada180a8a88a6dcd2b305087442cf0155cfe222d27ac21269519ce2f432fa8,lost_first_batch,06c73b056f4de3a169b7af18e46e506d86dd3b179d0c3a2751823ffba485a77e,0.08730505016792224,482
0.3920135239070523,3020796b254c8143aff34216e3cc1f9cff824af07bc1afe35907dc7a27a61db0,filled_empty_cell,5db4b9b8175b4a3713332eec1184602c2b67afaeeb9250d8048a3ae139619a05,0.3227410954399132,483
0.2122533073444376,19fe5a60bf66e1dcc103809676deee69cfd6237ce73a4c4e29e759cdcff2fbf4,lost_first_batch,ae3eabac990fe960ccf2ccf938b6581625b2ad8cfd11f2432a6269b13e3fa1c5,0.2828603329916732,484
0.11429936856180233,4960eda274b9eb81472ee8b2c69b0ab8ee9e989b097cd40bc59e3d73fa43936d,lost_first_batch,c1d400ad4babef3a60ec709df56a603298a5fcd6fa1989f513b7c7f1947f3800,0.15814883347059183,485
0.03427601631972188,b1478139d9159b7d559a17daa689b8312421ae7ac2b0352f0665706fac4c25fa,lost_first_batch,afd614edb565fcbc8a752c49dc970ae080055096dd3f6a945eb93be8c36a7767,0.045267875409061444,486
,a5e27af2ba711517e6ca938b9379627ee565c83da099755c42fa36fb6c171ed2,invalid_draw_majority,a69e045acc8615b384246854fbe5967444509ce26b5a007bdb426b038d17faec,0.12154242843493118,487
0.2595505190754354,05970f9d53a3b196d60dffc51c77083a4af243e54d1a094bd12d6292d022f193,invalid_draw_majority,0165399e5aef676dcd89ba67282d2a83852c762fcae2411a676fe2849f834ca0,0.30144833798492915,488
0.1976152481149763,f04386ecf834a2368596b3c29bf419918c1785bf6e6328cf9a027faebfd7fbf4,invalid_draw_majority,39fea7a7b721a209af698a95eee023109115fa57f4fed7fcacf0dec4557977d6,0.26373173544520007,489
0.0,728ebb55fd5d31be10a75e0d217884517553427f1b682bf3452704b9545e2b6f,invalid_too_short,636a263a05a4fff8c669f398fdb43d30df12acc46be22cc5f026d184066cc03f,0.3243063195264364,490
0.09586207858353965,c342fa94aecd007f685e70a5f8cb1ebeda762951eff05a606c1932fa58eb86a9,invalid_draw_majority,02b6e75c51819d74f52a948766c93af7f015756314a527f0b713faf4cae3a54b,0.057869013075930696,491
0.37802273487753196,e75d2be5a83e33087401ed3427a5b13580c37abe6cad8719aa8af25f39eeb240,lost_first_batch,3020796b254c8143aff34216e3cc1f9cff824af07bc1afe35907dc7a27a61db0,0.3920135239070523,492
0.068513236116623,88e6072866466fdf7797cc047db7526fa81418d48acaa53c50b98f0c1259e557,lost_first_batch,d0a60254e9d1289ffa701bcb61c9da6450c7b13a05d8273b80619e390718aba1,0.056635491007110864,493
0.0,472af505f2b8ce00efe8864aadf0e0601de23c97a649fb447711131b35e264a4,invalid_too_short,afd614edb565fcbc8a752c49dc970ae080055096dd3f6a945eb93be8c36a7767,0.045267875409061444,494
0.20690259932629448,92e6e8e0a8f503bfbca9e59c9a2be0ab44cfd71f2534224a054bc05ffab44c66,lost_first_batch,fd664b949cee70ef72edac289c2dd06e5373d05ca4a978154c20a2a2b1735fe0,0.23657715469749807,495
0.0,ec818a6af4cab2d2f4a2576da3d243bc3665a48bfb26f5473f725797d8010fdf,invalid_too_short,2fd7700d495d4d276cfa3322421ac40d1694b90a3323d398f9b5cde5181e062d,0.25054255686428173,496
0.08410571562804924,7d91dcdca5351c669f63f0badbbc910d34c2d3687464ee3f0cd79e9c02d353a5,lost_after_matching,0e9804c142dfc7f4f4b5517ccec32341d745a763fa8c7e206ad567ed78fa124e,0.14372421961088816,497
0.0,391f28c86887fae09cf837d1189e73752379c2e0c8c994b03bb322df5b70a831,invalid_too_short,1f5d7be3eb996b4c346263dd4f3317b67edab9cfb540a276e076a8118916fad9,0.24040132703048014,498
0.07823024545268956,a8e095baa8c7d9861bd00d456f1dd0b4fcec24804afd32249e2a6b19ff2d8af9,lost_first_batch,1e8ee9c4f9c30941408ee16416888e6d264fc3a457b04d4764f3e886f53218a4,0.04963537742047436,499
0.09900660986364948,e172f007ee6b8ef34b149393b6ef0f5a8eb64ece2b9f6b07133c3c5a4899f66a,lost_first_batch,a69e045acc8615b384246854fbe5967444509ce26b5a007bdb426b038d17faec,0.12154242843493118,500
0.11618819188370236,8b425e0092ff2238cde806e41323d163336288641237cb969f07ce029be65f78,lost_first_batch,c1d400ad4babef3a60ec709df56a603298a5fcd6fa1989f513b7c7f1947f3800,0.15824774094005714,501
0.12137761903529182,ee3b85eccf4d6ba3db92ad7fed37afe596865a5f168ce1f6076319fb62f5831e,lost_first_batch,33b6da84ade99eda96a0e23d61eb06827cd43bbcba644b63da394d5f843d831e,0.14496483656398412,502
0.0,f603c8037bf1239858e7cfd5bd7cf684fcd3a93be15c0c2843e53d061e98f397,invalid_too_short,c1d400ad4babef3a60ec709df56a603298a5fcd6fa1989f513b7c7f1947f3800,0.15824774094005714,503
0.1124086160678345,77dabbc449ac37df46947913e31702c20b8951987dde79a7d2c5d108260c9074,invalid_draw_majority,a69e045acc8615b384246854fbe5967444509ce26b5a007bdb426b038d17faec,0.11783817820588306,504
0.062202862601618086,cc66c2ba3d8a5929e07cebf621cddc3baeca084580fd593e3a07fb5fec5e768b,lost_first_batch,525ff7b9ca02414d8cdb6d48ea2266869e0bcd17d3ebc1c1db9d726721a5881f,0.060197625704904355,505
0.08208043759226352,6f37e2173be171695b0821396407290d0fb2a43498420926494a5bffe1b30e32,lost_first_batch,35a7bce1630e6f12b0945199b2bb5cbb29898222c3d18efa278829a76802e4d5,0.10534220029333961,506
0.2291125570367302,1fa97c2dbf4dac0856b481b1fc7c039c9f65cee65b2867ccd46de9fb6e1599d7,lost_after_matching,6117dc8406d130bdc97a2d5571e1016209bdfd9ad93af1fa206afed13a6a9c9a,0.22758897138453835,507
0.26240267034183745,a98be093ea9eb44db28ab46bf968f92bc2b60045f0351a56084ab5962309f5ee,lost_first_batch,39fea7a7b721a209af698a95eee023109115fa57f4fed7fcacf0dec4557977d6,0.26171574173453976,508
0.29759704077220284,ef5081a8c4cb2c8f9240ad2d2e0c4f8d201c78e26a567975ff69ae1151f58217,lost_first_batch,0165399e5aef676dcd89ba67282d2a83852c762fcae2411a676fe2849f834ca0,0.30197055687839003,509
0.13873105118521797,85370fcd95e41516e11d2a7ad4115cb408bc1150a99a8dfbdd1e520649416949,lost_first_batch,c1d400ad4babef3a60ec709df56a603298a5fcd6fa1989f513b7c7f1947f3800,0.15824774094005714,510
0.0573479939988135,81eadf44c267581fa093d0dd3c971fa291a5f8a35d592889b494daa7243ac949,lost_first_batch,afd614edb565fcbc8a752c49dc970ae080055096dd3f6a945eb93be8c36a7767,0.053687938342533756,511
0.40426234295759195,f506347461acfe667a43a9813510a42b39e897ad3d2c21fe2bd9de602d562976,invalid_draw_majority,3020796b254c8143aff34216e3cc1f9cff824af07bc1afe35907dc7a27a61db0,0.3809109611094134,512
0.06046886716873171,f89f32a585705d4a0d649229728d27c5bf986424cf99093b01862a87226e463c,replaced,7606ab44fabb943a9844de5598a3a84d407770286e95616bf920ee8803f308a6,0.1473832427075524,513
0.1303976310903441,fbcfbdfcd722170baf67bbbcce7bc9060a2e0a33b659f7b53bc394bf3d35796e,lost_first_batch,56ef71b66aae314fd12194c3fffaf5e7a2911401e66de5d868ca8f9c5bb8a7c4,0.06931318781568566,514
0.07748947305099725,6d094d54d3ab90eb5e96b058ac20e6d753b2dadc4f6af0f61b49c6a722eae17c,lost_first_batch,826ed7142a614166f1957b6a6def237996f4143a3c780f59d591771d4bc6b51a,0.15642643659238814,515
,f679aca0f26c28e2933a0caa2bd511b712b72f5505d30cce2e540214c6034b8b,invalid_draw_majority,636a263a05a4fff8c669f398fdb43d30df12acc46be22cc5f026d184066cc03f,0.331323774134648,516
0.16042973865179105,b91abd8e44809d4ce892641d515441810f6f24894902292a65843d4a69006a1d,lost_first_batch,0e9804c142dfc7f4f4b5517ccec32341d745a763fa8c7e206ad567ed78fa124e,0.14683135963417052,517
0.17322149788728747,5cf589acc5d4792e5bbf8b1e8c4f3dccad20bb270c52f859e4c52f739df04ff0,lost_first_batch,c1cbd97ef011dfd08ddfb4134f9b6d46292b96f9f2bf03e7e8a978e251810880,0.23553184790123036,518
0.047122780510111706,8abe25cf5872f940ede6a958f8daa3b09cc632edf009dc0fcbac482d024dda87,lost_first_batch,afd614edb565fcbc8a752c49dc970ae080055096dd3f6a945eb93be8c36a7767,0.053687938342533756,519
0.2398709266972711,c1efef936bf5cace0bed6018b47fbccc45f0ac670bbda2a4dbb695c8371d4c6c,lost_first_batch,595f37a6f749d14c010342c4f39d79dd6113179ff782656b457389b86c29131e,0.22156234384814288,520
0.19615082626530184,db495f40b019f985d314b70a7b72d8c0b8d23af701ed5541adbbaad7e4e9dc82,lost_first_batch,595f37a6f749d14c010342c4f39d79dd6113179ff782656b457389b86c29131e,0.22156234384814288,521
0.0,d76ecf53f921a6cae23ff551a186884d6e0aead5d6d86d7e8ce2d26122c442c2,invalid_too_short,afd614edb565fcbc8a752c49dc970ae080055096dd3f6a945eb93be8c36a7767,0.053687938342533756,522
0.0,bdef03229753ad0d1c5491b83e777c93cb3f2e091a8a4a41c179d3644318baca,invalid_too_short,56ef71b66aae314fd12194c3fffaf5e7a2911401e66de5d868ca8f9c5bb8a7c4,0.06931318781568566,523
0.11925931897715719,42948a2d3875ef82b79ba4caad14f9697794a32bfa62342bea14f3097d554265,lost_first_batch,fd664b949cee70ef72edac289c2dd06e5373d05ca4a978154c20a2a2b1735fe0,0.23835147963213713,524
0.3642872016316383,4971365343a8dc54311d51a133d547f86d5dcbdc9355a845bfb8d46ac6e08c4f,lost_after_matching,0165399e5aef676dcd89ba67282d2a83852c762fcae2411a676fe2849f834ca0,0.30197055687839003,525
0.20117931409276263,423f0ec978c097345828e46615e783910686d590bcb088c32944265e78f36a33,lost_first_batch,39fea7a7b721a209af698a95eee023109115fa57f4fed7fcacf0dec4557977d6,0.26171574173453976,526
0.18813724685626396,d149029754320dabe204010d87dd859e82e898c0fb085094277ed081b36b97db,invalid_draw_majority,0e9804c142dfc7f4f4b5517ccec32341d745a763fa8c7e206ad567ed78fa124e,0.14683135963417052,527
0.19743652773337317,2977aad58548fe225c8b3f09bea5e764f9903407bbddffe70d4decb059ca9200,lost_first_batch,c3e33c36af6482b572a8b496fb7cfef14aa7e539c3e4347ad157d55f380c8ad7,0.2092765797966119,528
0.16915154630940446,100b3be6d64866133e7ebc902720f2b50be7ece7bf41ca3e07c8aa2716c818aa,filled_empty_cell,6117dc8406d130bdc97a2d5571e1016209bdfd9ad93af1fa206afed13a6a9c9a,0.22758897138453835,529
0.13238941273079868,b21310adebd071fab65fad1bc24bf6c2c261386b7658f041f7f0a4f77bff8d57,lost_first_batch,a459dfd3ee06315bd60c0cbc57882824ac0c60cf517fbdd23a206d20c8867937,0.05205946182132823,530
0.061700464803441504,2abcf30bb8376b355c15edd4a088be4d56941f0c054dcc6bfa03561c73d9725a,replaced,2285314536888d8145c9ad50df0596179673114c823c278f33f51c3ab01e0259,0.051144878140449206,531
0.11659249474411186,e1beab7b5a6f750b1ce17466d164daec165db8c0407bc73d49560db3c34049e5,invalid_draw_majority,33b6da84ade99eda96a0e23d61eb06827cd43bbcba644b63da394d5f843d831e,0.14496483656398412,532
0.10457494893586865,aa7d90ea8842bae3d3e0cd92598e3e0970c915240e3efda51235b8bf96d25321,lost_first_batch,1c331dbf9d18dde723d543aa6af66d322c1d770e84e5b5b62c228823a71bf87f,0.18114978378965957,533
0.07137433160369816,85ab1a287ac5c080396a1a72fe4e3770015a995b9bfc8c6c31c42099bef29191,invalid_draw_majority,6117dc8406d130bdc97a2d5571e1016209bdfd9ad93af1fa206afed13a6a9c9a,0.22758897138453835,534
0.1485987742503462,8e2e843a8a5d109b712e7bcaaac0146392f3230ba909d69b83f97f81f2f3724d,invalid_draw_majority,afd614edb565fcbc8a752c49dc970ae080055096dd3f6a945eb93be8c36a7767,0.053687938342533756,535
,6fc1a10ed08c7c306076039c1488b7f95e5ecf523b236d7ea09b39f712ae737a,invalid_draw_majority,39fea7a7b721a209af698a95eee023109115fa57f4fed7fcacf0dec4557977d6,0.26171574173453976,536
0.05553491188369866,ce500a605bb9f550882e9d2e936d130a0e6045b119838db5384a8c359bdb3c88,lost_first_batch,56ef71b66aae314fd12194c3fffaf5e7a2911401e66de5d868ca8f9c5bb8a7c4,0.06931318781568566,537
0.0342833153827648,bc5fd9c21cd966eed65cc66ae4331b1402bcc445fb0e32f885ac0c7a34f49853,lost_first_batch,c3e33c36af6482b572a8b496fb7cfef14aa7e539c3e4347ad157d55f380c8ad7,0.2092765797966119,538
0.0,892002c920132df6c053753e27b0cc4136da6bf19ce58d95da26d24ceaea5cee,invalid_too_short,2285314536888d8145c9ad50df0596179673114c823c278f33f51c3ab01e0259,0.051144878140449206,539
0.30094844597311626,ee3ceda6ff54b2ec6998c8ecf327e935f4e168515a45f3da3ea36748d58bf582,lost_first_batch,3020796b254c8143aff34216e3cc1f9cff824af07bc1afe35907dc7a27a61db0,0.3809109611094134,540
0.1936593527731925,e9aab96a5e5dc2e9f28102840a3d7167cf1e71572efe505933d6d3b5cff8f256,lost_first_batch,100b3be6d64866133e7ebc902720f2b50be7ece7bf41ca3e07c8aa2716c818aa,0.16915154630940446,541
0.17557506106708415,489c8b5221affd7bfe842b83017e38c389c8af0f2c14d1c53633714990379522,lost_first_batch,528e3dd65810957b9b07720bf8ac015be86af6f03ab1c79b7de00e4b2385d444,0.16925835091180014,542
0.03819837671708174,22ff2ab0efedb688d90f3860af0bdce929f38ce4503f3aac1f498823bd583971,lost_first_batch,33b6da84ade99eda96a0e23d61eb06827cd43bbcba644b63da394d5f843d831e,0.14496483656398412,543
0.09901301495200672,1164bdca34f0a2228d8d8538de0c91d0d3a397c6a5b0a08f2fd22f9d46848ca4,replaced,fd57b51ade3f4568081cd38625a592e2d9308ff3d54897e2161f2c55d5960096,0.11692158622249096,544
0.26282029439461535,de1c49f8e6c24d15d7c5ca2c33a0ce0f7ea27ecf4bd201d654417169b59648d8,invalid_draw_majority,1f5d7be3eb996b4c346263dd4f3317b67edab9cfb540a276e076a8118916fad9,0.23892160644156976,545
0.16047815190315992,5d81bec49fc329acea7d6e60fde380887827a836dfe41ca53349af5714b429a1,lost_first_batch,c1d400ad4babef3a60ec709df56a603298a5fcd6fa1989f513b7c7f1947f3800,0.15824774094005714,546
,c28c22ec9452dde367e09020e0d331fd488c19655c2ce23696a499c63dc1beab,invalid_draw_majority,1f5d7be3eb996b4c346263dd4f3317b67edab9cfb540a276e076a8118916fad9,0.23892160644156976,547
0.13959090627950724,ba238ac7dffcd764ae688b4e637b657807eea9b7afeef39da143e589f812cfe3,invalid_draw_majority,0e9804c142dfc7f4f4b5517ccec32341d745a763fa8c7e206ad567ed78fa124e,0.14683135963417052,548
0.19598653411579237,19c6bc3b4cb420e6d6c4895cf72dfd477500cd259cf6f2e8d279cbaa76663a3b,lost_first_batch,1c331dbf9d18dde723d543aa6af66d322c1d770e84e5b5b62c228823a71bf87f,0.18114978378965957,549
0.12508064835884797,6a4e78d9b8e056c2fc81e3c77910c98525165c20ac9b8b026cb2ca6e0936ecce,invalid_draw_majority,35a7bce1630e6f12b0945199b2bb5cbb29898222c3d18efa278829a76802e4d5,0.10534220029333961,550
0.0,7a506dd97b8a8f49b526efffa33c82847a1812537e021764be82e2fb57ef3f72,invalid_too_short,6117dc8406d130bdc97a2d5571e1016209bdfd9ad93af1fa206afed13a6a9c9a,0.22758897138453835,551
0.1558410058738582,146518dbe3eb63510c4a85d3381057984663a1e48d2bce11d8758cb87bf6c510,lost_first_batch,bb90e1afde18a2c90b0a0222fea7ec6f003d2a7976b38546571444a5ef0e523b,0.26590517963953214,552
0.06296703121461371,48221e3525638560963793a8eaac3e64d10b15561048bebc156dd6d4d2368bd5,replaced,2abcf30bb8376b355c15edd4a088be4d56941f0c054dcc6bfa03561c73d9725a,0.054965674035643564,553
,fbd48ba75687898b87cc31a41bba81d135faeef1b55fe30fb9f5f65fb67b83c4,invalid_draw_majority,c3e33c36af6482b572a8b496fb7cfef14aa7e539c3e4347ad157d55f380c8ad7,0.2092765797966119,554
0.1457572296918263,1441dca95f57674154becb5a3bca532cb904cc1ff98bf3469d7352d71c22c53d,lost_first_batch,0e9804c142dfc7f4f4b5517ccec32341d745a763fa8c7e206ad567ed78fa124e,0.14683135963417052,555
0.06221789168103929,37cac3ef92b5879c8b72bf693eaec21b861d1084ff772f3080b2aa495cd463c2,lost_first_batch,da1229eed128831df7a2b43ecc22b9c0f6fba3e42e5e4ee7ef7ae78f285f12d9,0.07249472437081027,556
0.18753687441484018,2bcb84dd2c22940a740c14fc8b7715c91bd679268e5c53fdcb975b082662cd79,replaced,528e3dd65810957b9b07720bf8ac015be86af6f03ab1c79b7de00e4b2385d444,0.16925835091180014,557
0.2266621901055557,2a450afcfc8ca50ce29b7743bcb61a3a4e5396644a80354c32ac89b8cb7d9f9e,lost_first_batch,fd664b949cee70ef72edac289c2dd06e5373d05ca4a978154c20a2a2b1735fe0,0.23835147963213713,558
0.10208867022903827,44a6e6445a64461de73f2cae25ba8ca7d594cff2f6f4541630c7a7c4211ebbb3,invalid_draw_majority,2bcb84dd2c22940a740c14fc8b7715c91bd679268e5c53fdcb975b082662cd79,0.18734030506179777,559
0.23867951160875828,95091bc68e9618b6330ca05eda1dc6a4fff80ae15cf8ba6509343efc9eba7b8b,lost_after_matching,c1cbd97ef011dfd08ddfb4134f9b6d46292b96f9f2bf03e7e8a978e251810880,0.23553184790123036,560
0.07647983207783368,b8810febaa243a592b054ff1a775698db288beb86cd4b9b8f4807302a40a97ab,lost_first_batch,781059aa412baaf87f591eb01bd2181ebb6d959d3ab9a383d6c2bbfa527a1ff8,0.08782487424203446,561
0.07647162266101123,b7b78964b19e3b7e02573ff3c0d9f7ce39237e6e4cda51639bf6435a86f3b543,lost_after_matching,781059aa412baaf87f591eb01bd2181ebb6d959d3ab9a383d6c2bbfa527a1ff8,0.08782487424203446,562
0.10760108780805962,5c90296dc25cee0b19bf5945f49dd4f14a063f0cb2a3d5e8497fd4c1d4e545bf,replaced,f90490a7ea2b40b82fbaeef15ab7e162d5f397df4a7195b95f27818ca44518d9,0.2464150131166367,563
0.25489989198485274,1fe5e730c7b281170be3c7aba0f565364e9c28979188a31f61091fa66c4e46b2,lost_after_matching,f90490a7ea2b40b82fbaeef15ab7e162d5f397df4a7195b95f27818ca44518d9,0.2464150131166367,564
0.0,a99a53c4bfc978bb6de63bd83b83aa434fcaba4062dd0a8fba8ce3bb311f12f0,invalid_too_short,fd57b51ade3f4568081cd38625a592e2d9308ff3d54897e2161f2c55d5960096,0.11692158622249096,565
0.16819802289740324,92e560269eb28e2ebbbea7c49c274eb170c9c74ec3ffee6261369c27d84dc958,replaced,a93f636ec18502b56a97c0f5b7888c8b89551fcbaf001cc9ce4d19d492b1dad9,0.1277646778336145,566
0.0,673a49b79fb6291e77b54505e063807fc3847ed9c8f36e05f0613bc49615cde8,invalid_too_short,29527dbf22021f8a3af7a738b5f02db3cdce95ec0942912d145d7b16e0db543f,0.12390486237533475,567
0.0,e1fb58b65abd99d1fab7ac6e5651e34cef72d799a1ef44984c3f846c0031bfd3,invalid_too_short,1f5d7be3eb996b4c346263dd4f3317b67edab9cfb540a276e076a8118916fad9,0.23892160644156976,568
0.15040881079430135,e9a8d71cf301bb4adecb31b0ad09db67e1cab06a2130d8164944957e350d08f5,lost_first_batch,c3e33c36af6482b572a8b496fb7cfef14aa7e539c3e4347ad157d55f380c8ad7,0.2092765797966119,569
0.14710094179485758,dd34dcc73f77cd1b1ae4fcd71015f5d63165da6add3cb307354ed62026856f38,invalid_draw_majority,56ef71b66aae314fd12194c3fffaf5e7a2911401e66de5d868ca8f9c5bb8a7c4,0.06931318781568566,570
0.2575372365374479,7640e5abc3687b29dbb1f115a7770c45fa9023db1ed2c1125e489ba6acd5b887,lost_first_batch,ae3eabac990fe960ccf2ccf938b6581625b2ad8cfd11f2432a6269b13e3fa1c5,0.2801053333758556,571
,c298e50eb6d72651fc3df670ff13014be1621000c19746aea41e456c0a7faf9b,invalid_draw_majority,f90490a7ea2b40b82fbaeef15ab7e162d5f397df4a7195b95f27818ca44518d9,0.2464150131166367,572
0.0,1bc5962fa7f81f044256ed319260ad275dde5fe6417d966afcab7c8e2638bc3c,invalid_too_short,1c331dbf9d18dde723d543aa6af66d322c1d770e84e5b5b62c228823a71bf87f,0.18114978378965957,573
0.0,dd2192958e83bc89ba02ae05253c363f62e755a74c71df37c101a4d99bb6e3be,invalid_too_short,fd664b949cee70ef72edac289c2dd06e5373d05ca4a978154c20a2a2b1735fe0,0.23835147963213713,574
0.36079250591103085,4b181d86abd0db38788c99ba8d832565696f7519fdbfba994b4aeaa9ed6dba04,replaced,5db4b9b8175b4a3713332eec1184602c2b67afaeeb9250d8048a3ae139619a05,0.33842729045439707,575
0.2278184281241432,7f634b37ffdfb47b94646f0647fb8aaefad9df276c905dce16a4d17d7b73f757,invalid_draw_majority,6117dc8406d130bdc97a2d5571e1016209bdfd9ad93af1fa206afed13a6a9c9a,0.22758897138453835,576
0.09192185026143967,9bf0ef80580aed38b35090338395f046d33e6fe2dcb0ef003c69a3fe221f266f,invalid_draw_majority,56ef71b66aae314fd12194c3fffaf5e7a2911401e66de5d868ca8f9c5bb8a7c4,0.06931318781568566,577
0.07929519763564179,b6113020d145837bd408abc9adad56a2d861689770eb2e4c170bf4da01ce9d12,replaced,02b6e75c51819d74f52a948766c93af7f015756314a527f0b713faf4cae3a54b,0.05855632295508494,578
0.17725769721641707,ee00286bea8ce12675fd3d0dd11721dfec1c84b25a0eb0173c62758b5c8bb795,lost_first_batch,2bcb84dd2c22940a740c14fc8b7715c91bd679268e5c53fdcb975b082662cd79,0.18734030506179777,579
0.12520297460671378,1279b389e6ceefe86e5b126509792b2312bae7086563e9ea9184a1e9f81e9a20,invalid_draw_majority,417be860e1f6e96efc1101a04c3a498df17280075c872e50817ef9c94e4d3af6,0.042836898649709326,580
0.0,d7a79daa7f9b5131e665f7f4c6a1091a7aeddb43675578c88a4f7af90d357cb4,invalid_too_short,35a7bce1630e6f12b0945199b2bb5cbb29898222c3d18efa278829a76802e4d5,0.10534220029333961,581
0.03444471318126492,b8fe56a9bad83f9f6f01cd17a1ee9d241b28c4e227735323bbacb28dd70b4a27,invalid_draw_majority,9def150dfd8361d20e12c5be7f27fc73bdbe51f2b251dc1bdef56230eb533861,0.06020958169154062,582
0.0,056d425bbf2dfaf333a0d8c11469ed73557bcae411925a9bf729c945bc94f90f,invalid_too_short,5c90296dc25cee0b19bf5945f49dd4f14a063f0cb2a3d5e8497fd4c1d4e545bf,0.08112771554611121,583
0.169200598541926,6cf5e6e8d9d4db59243668a46f6d5b62eaee72c29b21d78305ebbbc068c08a00,invalid_draw_majority,0e9804c142dfc7f4f4b5517ccec32341d745a763fa8c7e206ad567ed78fa124e,0.14683135963417052,584
0.09987655155908232,2732df18569fd178d7fdf456d6476edc325d04d5b0128cd312003a5d5c79e5ad,lost_first_batch,f90490a7ea2b40b82fbaeef15ab7e162d5f397df4a7195b95f27818ca44518d9,0.2464150131166367,585
0.0,c18308e51f658fdc33be4fa41a5ac50faaef09f7c6aa0259b4bc5b12365eb4d0,invalid_too_short,f90490a7ea2b40b82fbaeef15ab7e162d5f397df4a7195b95f27818ca44518d9,0.2464150131166367,586
0.1855298549963617,a09957bb44cc3eb7671bba90853ffaf2996a6ac6ffbc4fbccfa2b1b710e66fb6,replaced,0e9804c142dfc7f4f4b5517ccec32341d745a763fa8c7e206ad567ed78fa124e,0.14683135963417052,587
0.0,e058f4b40fe93adda3f540c3a653dcfefdaa8f20c967174c57ceaa9ed9717330,invalid_too_short,a09957bb44cc3eb7671bba90853ffaf2996a6ac6ffbc4fbccfa2b1b710e66fb6,0.1855298549963617,588
0.024336171757456344,08bd532db4a6fa84b576d8c9995c598427a0fc341c81aae000c35d7ce6bfd550,lost_first_batch,33b6da84ade99eda96a0e23d61eb06827cd43bbcba644b63da394d5f843d831e,0.14496483656398412,589
0.0,cb2a4bb82aed6269c6fd25cc99029dc5088b2e434ce11dd3f7e963331d607a7e,invalid_too_short,56ef71b66aae314fd12194c3fffaf5e7a2911401e66de5d868ca8f9c5bb8a7c4,0.06931318781568566,590
0.23071629197234872,1a7e53797381f1f9bd41d4443a64339624c1da0c9f8713cb61b2b582316c37e6,lost_first_batch,a09957bb44cc3eb7671bba90853ffaf2996a6ac6ffbc4fbccfa2b1b710e66fb6,0.1855298549963617,591
0.09000492281921957,a9a7b283dff530f9a6e29934d374ac754920876c23c71b494b75be594a2f4089,lost_first_batch,afd614edb565fcbc8a752c49dc970ae080055096dd3f6a945eb93be8c36a7767,0.053687938342533756,592
0.040243230426443184,ce8cdf25dd302a76894a6d99154f935e39c890975dbc2011546aa081e90d4896,lost_first_batch,06c73b056f4de3a169b7af18e46e506d86dd3b179d0c3a2751823ffba485a77e,0.08452080098041034,593
0.030298877210193743,6ba9344f0ee7429369b79625f190afd88854dd083fb629dd554a26820b4f2355,lost_first_batch,1e8ee9c4f9c30941408ee16416888e6d264fc3a457b04d4764f3e886f53218a4,0.050162490112999204,594
0.07905119886331378,70b0487c8661995649a89616ac12642233d97f6de2c98a99d1de96060dda699a,lost_first_batch,5c90296dc25cee0b19bf5945f49dd4f14a063f0cb2a3d5e8497fd4c1d4e545bf,0.08112771554611121,595
,6699cbbfd48fd6ed07109f2684fc76e247923761ee260caad9ce07bc146a6084,invalid_draw_majority,0e9804c142dfc7f4f4b5517ccec32341d745a763fa8c7e206ad567ed78fa124e,0.14683135963417052,596
0.084046099766891,6f5f51ca732a53d1e44c4f9e7883cabe58d381f79f2f982ef160976b9273d15f,lost_first_batch,b6113020d145837bd408abc9adad56a2d861689770eb2e4c170bf4da01ce9d12,0.060441718726068704,597
,25adaa474a544f94a1de5b1a8ae4a04d2ff6372b5b2d19c8849cc6eaf80a5a50,invalid_draw_majority,1e8ee9c4f9c30941408ee16416888e6d264fc3a457b04d4764f3e886f53218a4,0.050162490112999204,598
0.24125426342310888,52d8e063cdea4846679f2841bb0016ed4db1a68f578873bb2030e142cec1eaaa,invalid_draw_majority,0165399e5aef676dcd89ba67282d2a83852c762fcae2411a676fe2849f834ca0,0.30197055687839003,599
0.05979496566561913,fa9c358e3bf78dbfab23cd7ac4fa7f18afa2e1d3b8b41073a265f27fed981272,lost_first_batch,afd614edb565fcbc8a752c49dc970ae080055096dd3f6a945eb93be8c36a7767,0.053687938342533756,600
